guid,make,model,vehicle-type,seller-type,price,zip-code,fuel-type,mileage,year,distance,age,img-url
c6f41ede-e4d0-48a9-958d-fe9aed752971,volvo,s90,c,d,58750,3940,2,6,11-2021,72.49261206065027,392,https://prod.pictures.autoscout24.net/listing-images/c6f41ede-e4d0-48a9-958d-fe9aed752971_3e03350f-ecc1-4ae4-975d-e61f7e57c618.jpg/480x360.jpg
ac3b2902-1e88-4632-b7db-1ff37dd49878,volvo,xc60,c,d,43000,8840,b,17629,01-2019,116.35276756135268,1427,https://prod.pictures.autoscout24.net/listing-images/ac3b2902-1e88-4632-b7db-1ff37dd49878_f6ec952e-a56e-438e-9b1b-b1c2018e222f.jpg/480x360.jpg
4da306cf-af99-4dc3-bb07-9937b6be29a0,volvo,s90,c,d,29995,2870,b,73500,07-2018,48.59068591419226,1611,https://prod.pictures.autoscout24.net/listing-images/4da306cf-af99-4dc3-bb07-9937b6be29a0_e9ab8e4f-6c57-47a1-be06-0897d045ff96.jpg/480x360.jpg
bca3ee53-72cd-4a5c-b9db-92a87929ffd0,volvo,s60,c,d,45895,8610,2,29942,12-2019,114.33371950925998,1093,https://prod.pictures.autoscout24.net/listing-images/bca3ee53-72cd-4a5c-b9db-92a87929ffd0_27e362c7-6500-412f-8d0e-e5165c1731fb.jpg/480x360.jpg
be45d17b-387a-4700-8447-e24f4d8de3c5,volvo,960,c,d,9999,2940,b,146390,01-1997,16.165618897139176,9462,https://prod.pictures.autoscout24.net/listing-images/be45d17b-387a-4700-8447-e24f4d8de3c5_0f891b14-89ec-4926-a785-2f5ccf23c548.jpg/480x360.jpg
32658d34-40f3-470f-ae22-4b67efcf25d1,volvo,xc90,c,d,37900,3545,2,177930,05-2016,69.86186323279148,2402,https://prod.pictures.autoscout24.net/listing-images/32658d34-40f3-470f-ae22-4b67efcf25d1_f832583d-e184-49a9-9ece-3c4dc0193b23.jpg/480x360.jpg
cf193cae-ec74-45a3-8ba4-4df48b401023,volvo,xc60,c,d,25350,3512,d,91000,05-2017,81.96119366050621,2037,https://prod.pictures.autoscout24.net/listing-images/cf193cae-ec74-45a3-8ba4-4df48b401023_e78bc6fa-f570-41fa-a2ec-7c30c8d2a2a3.jpg/480x360.jpg
ee7e20a3-7b22-4187-9a34-db4a0cc582ac,volvo,v40 cross country,c,d,18500,3110,b,36174,08-2017,59.79775666035793,1945,https://prod.pictures.autoscout24.net/listing-images/ee7e20a3-7b22-4187-9a34-db4a0cc582ac_16ceb8ff-f2ab-427a-ae16-4125e7729eed.jpg/480x360.jpg
c059e466-7f01-4d5e-898f-8f8f3c4b81ab,volvo,s40,c,d,7500,3970,b,110000,08-2007,66.88973710098982,5598,https://prod.pictures.autoscout24.net/listing-images/c059e466-7f01-4d5e-898f-8f8f3c4b81ab_f580b656-130e-47f5-931f-de7fbac83ef6.jpg/480x360.jpg
9bbc9c90-12d6-4978-bd50-b7e5450ce8c8,volvo,v40,c,d,11490,1000,d,104314,11-2022,69.17270624549755,27,https://prod.pictures.autoscout24.net/listing-images/9bbc9c90-12d6-4978-bd50-b7e5450ce8c8_b5bb2038-417f-423c-a23a-5ae8e2ddac65.jpg/480x360.jpg
88ad906c-9290-4e84-9b85-0c460f9e2891,volvo,s60,c,d,12490,1000,d,133113,07-2013,69.17270624549755,3437,https://prod.pictures.autoscout24.net/listing-images/88ad906c-9290-4e84-9b85-0c460f9e2891_2a639a6d-a9b8-4fb7-8606-678ebe523e6f.jpg/480x360.jpg
663bdd1c-9ed8-4d96-b7b9-84c1a852df93,volvo,v60 cross country,c,d,29850,3940,d,44667,09-2018,72.49261206065027,1549,https://prod.pictures.autoscout24.net/listing-images/663bdd1c-9ed8-4d96-b7b9-84c1a852df93_f61cb008-2dda-44ed-951a-6deb2bcb9e36.jpg/480x360.jpg
7913725c-d0e5-4449-bfc5-ab1cdc455c94,volvo,s90,c,d,33499,1930,d,55682,01-2019,65.18883147641638,1427,https://prod.pictures.autoscout24.net/listing-images/7913725c-d0e5-4449-bfc5-ab1cdc455c94_fa523111-d76d-488c-aa63-f9accf5335c1.jpg/480x360.jpg
a59f34a9-8014-46d6-ac60-98f944f58aab,volvo,xc60,c,d,68900,2800,2,15500,12-2021,49.170515286575046,362,https://prod.pictures.autoscout24.net/listing-images/a59f34a9-8014-46d6-ac60-98f944f58aab_a9188c48-c911-4922-9cb7-c4e87d9fb08f.jpg/480x360.jpg
5cf6f61c-6950-4717-98ca-e34a1f15685c,volvo,s60,c,d,38550,2070,2,28747,06-2021,30.80136628106094,545,https://prod.pictures.autoscout24.net/listing-images/5cf6f61c-6950-4717-98ca-e34a1f15685c_6ee27a00-a9e6-4e65-867c-c94814830489.jpg/480x360.jpg
132c29e9-4d0a-450c-8bf7-56f36e26ba68,volvo,xc90,c,d,50999,1300,d,16884,07-2019,83.88957347991013,1246,https://prod.pictures.autoscout24.net/listing-images/132c29e9-4d0a-450c-8bf7-56f36e26ba68_3aa791eb-c0f1-4acf-8719-99f7b5a293ee.jpg/480x360.jpg
fe93bdf7-5825-4a67-bd6e-cfd528d72354,volvo,v40 cross country,c,d,22999,1651,b,60000,05-2019,78.98056604317188,1307,https://prod.pictures.autoscout24.net/listing-images/fe93bdf7-5825-4a67-bd6e-cfd528d72354_ab479d80-f798-4018-ba3e-f4d5eeaee3ce.jpg/480x360.jpg
a19d3549-285b-4b6d-bccf-2e26cc843ace,volvo,xc40,c,d,29990,3545,b,78444,07-2018,69.86186323279148,1611,https://prod.pictures.autoscout24.net/listing-images/a19d3549-285b-4b6d-bccf-2e26cc843ace_f7750994-c7f9-428a-a9bb-323bc0981c71.jpg/480x360.jpg
26e0b0b0-4d66-400d-9519-4bb43e127d7b,volvo,xc60,c,d,33490,4000,d,37675,03-2019,118.53949006185148,1368,https://prod.pictures.autoscout24.net/listing-images/26e0b0b0-4d66-400d-9519-4bb43e127d7b_891562f8-12f1-42d9-be92-d8290ce2e428.jpg/480x360.jpg
3ceb54db-4484-465c-b13d-813f82bc5047,volvo,xc90,c,d,47999,1930,d,60258,01-2019,65.18883147641638,1427,https://prod.pictures.autoscout24.net/listing-images/3ceb54db-4484-465c-b13d-813f82bc5047_aaf69b53-7a26-49f6-aa5a-d8486dedcb73.jpg/480x360.jpg
8c5fb99d-d6ac-483d-b7f9-16661a0ef539,volvo,v40 cross country,c,d,15990,6970,d,106673,04-2018,169.87153563896285,1702,https://prod.pictures.autoscout24.net/listing-images/8c5fb99d-d6ac-483d-b7f9-16661a0ef539_a9b0c455-46b9-4e1e-9c0e-4121cc779a08.jpg/480x360.jpg
1e2ff307-9426-48b8-9f26-fdf3da5b6d4f,volvo,v90,c,d,40995,8610,2,84586,07-2017,114.33371950925998,1976,https://prod.pictures.autoscout24.net/listing-images/1e2ff307-9426-48b8-9f26-fdf3da5b6d4f_4c4b40ce-c4b9-4fd6-b134-55a6e92dc752.jpg/480x360.jpg
d084ad2f-77f4-4e14-a799-e1ade7472f2f,volvo,xc90,c,d,48990,9810,2,98370,05-2016,80.58546176841949,2402,https://prod.pictures.autoscout24.net/listing-images/d084ad2f-77f4-4e14-a799-e1ade7472f2f_3577212c-245b-4bc5-92b6-5ace3fccdbd1.jpg/480x360.jpg
7ff3fe0f-f243-47cb-a84e-f743ae8c7979,volvo,xc90,c,d,49995,2870,d,79600,10-2019,48.59068591419226,1154,https://prod.pictures.autoscout24.net/listing-images/7ff3fe0f-f243-47cb-a84e-f743ae8c7979_e00fc170-f9c7-429d-8a24-a4ab05043e11.jpg/480x360.jpg
5c1b9cf6-c3db-44ec-b2f1-25c0853ead7b,volvo,xc60,c,d,68900,2800,2,20387,12-2021,49.170515286575046,362,https://prod.pictures.autoscout24.net/listing-images/5c1b9cf6-c3db-44ec-b2f1-25c0853ead7b_f97f8a82-ac9c-46de-af31-da80dacb8c18.jpg/480x360.jpg
1f70ff59-b61d-40d8-9627-b131d13feb33,volvo,v60,c,d,25495,8610,3,96421,01-2017,114.33371950925998,2157,https://prod.pictures.autoscout24.net/listing-images/1f70ff59-b61d-40d8-9627-b131d13feb33_e8b725ae-b12f-47a4-8530-65c5e17d0ea5.jpg/480x360.jpg
e5c52e7f-c99d-4e0a-bd51-cbcee635334c,volvo,xc40,c,d,49990,2800,2,21615,01-2021,49.170515286575046,696,https://prod.pictures.autoscout24.net/listing-images/e5c52e7f-c99d-4e0a-bd51-cbcee635334c_0fc9245a-9e2b-47e3-b7fd-caa8e9af5ec5.jpg/480x360.jpg
7671c982-0ac4-4b12-b72d-2ae240e87426,volvo,s60,c,d,53750,3294,2,23802,06-2021,63.99388780183349,545,https://prod.pictures.autoscout24.net/listing-images/7671c982-0ac4-4b12-b72d-2ae240e87426_4039644f-de8b-4561-aef9-e077062e37b9.jpg/480x360.jpg
ab3fa382-c6dc-4f70-89fb-85e55fba2bdf,volvo,xc90,c,d,30550,1000,d,114270,09-2016,69.17270624549755,2279,https://prod.pictures.autoscout24.net/listing-images/ab3fa382-c6dc-4f70-89fb-85e55fba2bdf_8f8d8dab-16da-4a66-8edd-33418e3d302d.jpg/480x360.jpg
94ff4d69-5f0d-41a3-b527-1fef65a81abb,volvo,v60,c,d,24490,4000,d,110138,11-2018,118.53949006185148,1488,https://prod.pictures.autoscout24.net/listing-images/94ff4d69-5f0d-41a3-b527-1fef65a81abb_bfc83e0e-f3c7-4b7b-938c-831ec2c08462.jpg/480x360.jpg
e64483db-4bd9-41c2-9a58-768558aced0e,volvo,v60,c,d,40990,2800,d,12349,05-2022,49.170515286575046,211,https://prod.pictures.autoscout24.net/listing-images/e64483db-4bd9-41c2-9a58-768558aced0e_9362cfc8-9aa8-4840-bdc2-4dc92158fa67.jpg/480x360.jpg
d8c4347b-b396-451c-94ff-6daa95911c0f,volvo,s90,c,d,45900,1840,2,68135,07-2019,54.29299877782283,1246,https://prod.pictures.autoscout24.net/listing-images/d8c4347b-b396-451c-94ff-6daa95911c0f_e2bb9703-2017-4675-98f7-43a8fca712f2.jpg/480x360.jpg
1253b210-c595-48ef-98da-44481af3a8ae,volvo,v90,c,d,70100,1930,2,17500,01-2022,65.18883147641638,331,https://prod.pictures.autoscout24.net/listing-images/1253b210-c595-48ef-98da-44481af3a8ae_c3cf6c97-91ff-4919-a5a5-96c8b1275db5.jpg/480x360.jpg
4dd3d740-0287-443f-868b-bdbe474cd239,volvo,v60,c,d,59999,1300,2,7411,05-2022,83.88957347991013,211,https://prod.pictures.autoscout24.net/listing-images/4dd3d740-0287-443f-868b-bdbe474cd239_4f42f382-be9c-40de-b27e-495320a325b5.jpg/480x360.jpg
4f0ea9ab-4216-4661-92d7-43a1189084a8,volvo,xc60,c,d,68900,2800,2,10987,09-2021,49.170515286575046,453,https://prod.pictures.autoscout24.net/listing-images/4f0ea9ab-4216-4661-92d7-43a1189084a8_a4458a10-1648-413a-8815-be0108ddf812.jpg/480x360.jpg
eea791b0-1e93-42fe-a510-b59e0c85b77e,volvo,xc60,c,d,64900,3294,2,11416,12-2021,63.99388780183349,362,https://prod.pictures.autoscout24.net/listing-images/eea791b0-1e93-42fe-a510-b59e0c85b77e_fc3c41ef-18de-4789-a388-bfc94ea75220.jpg/480x360.jpg
9bc08d79-00df-445d-8f90-c3475753f118,volvo,xc60,c,d,36999,3960,b,64138,11-2017,88.39034768583157,1853,https://prod.pictures.autoscout24.net/listing-images/9bc08d79-00df-445d-8f90-c3475753f118_52c1a35f-a701-4a31-9f33-eb658e4e43ed.jpg/480x360.jpg
53e54ff9-665d-48ec-a69c-81459e308563,volvo,xc40,c,d,45800,1000,2,25436,10-2020,69.17270624549755,788,https://prod.pictures.autoscout24.net/listing-images/53e54ff9-665d-48ec-a69c-81459e308563_7b937749-af40-447e-9bbe-6af9875fe614.jpg/480x360.jpg
5f9e9dc2-070a-4c35-8024-04dfb7dae7f6,volvo,xc90,c,d,76599,1930,3,5302,06-2022,65.18883147641638,180,https://prod.pictures.autoscout24.net/listing-images/5f9e9dc2-070a-4c35-8024-04dfb7dae7f6_f73a0f2f-8b4d-4e9c-84b7-961f06638eb5.jpg/480x360.jpg
630ddade-1dd6-4178-9dab-33a3b996d82a,volvo,xc60,c,d,36250,3940,d,77614,05-2018,72.49261206065027,1672,https://prod.pictures.autoscout24.net/listing-images/630ddade-1dd6-4178-9dab-33a3b996d82a_5e5d81e9-5dad-4cb5-ad61-1c088994a10e.jpg/480x360.jpg
a6856f72-8355-438a-bd7b-4b22f050c071,volvo,xc40,c,d,34900,3940,d,97373,01-2018,72.49261206065027,1792,https://prod.pictures.autoscout24.net/listing-images/a6856f72-8355-438a-bd7b-4b22f050c071_b74006a7-b87f-455d-8899-419987dcef04.jpg/480x360.jpg
717ea56f-b69c-4251-817b-e546455455b9,volvo,xc40,c,d,36499,1930,2,44518,06-2021,65.18883147641638,545,https://prod.pictures.autoscout24.net/listing-images/717ea56f-b69c-4251-817b-e546455455b9_56f1a010-5c89-41ee-b0a3-fdf05cdb7172.jpg/480x360.jpg
1ed0575f-0106-4e64-a439-8be8cbe161b8,volvo,v40,c,d,14950,1070,d,107499,01-2018,71.06367211068877,1792,https://prod.pictures.autoscout24.net/listing-images/1ed0575f-0106-4e64-a439-8be8cbe161b8_52054fa2-4560-43e1-979f-5bdd4df5cfd0.jpg/480x360.jpg
1599a7e1-3a71-48f7-843a-fed893bae7f0,volvo,xc40,c,d,27490,4000,b,84831,09-2019,118.53949006185148,1184,https://prod.pictures.autoscout24.net/listing-images/1599a7e1-3a71-48f7-843a-fed893bae7f0_a30f2206-3e31-4d89-8878-4afa062fdbb5.jpg/480x360.jpg
29563a9d-aa0e-4b0b-bf87-df7b90d6c9b5,volvo,v90 cross country,c,d,40850,3294,b,51843,10-2018,63.99388780183349,1519,https://prod.pictures.autoscout24.net/listing-images/29563a9d-aa0e-4b0b-bf87-df7b90d6c9b5_2ce138e4-2834-4d49-8a26-0571aefcc14e.jpg/480x360.jpg
db6b1b1d-ab4e-4546-8759-81cbbf38a8b6,volvo,xc40,c,d,32000,1930,d,34579,01-2021,65.18883147641638,696,https://prod.pictures.autoscout24.net/listing-images/db6b1b1d-ab4e-4546-8759-81cbbf38a8b6_8737d6ff-2321-4f97-bc5a-f43524724603.jpg/480x360.jpg
85d33cfb-6190-44f1-8851-eccf2fb63368,volvo,v60,c,d,37499,1300,3,46500,01-2021,83.88957347991013,696,https://prod.pictures.autoscout24.net/listing-images/85d33cfb-6190-44f1-8851-eccf2fb63368_67b0954e-c8b8-4f8d-9a8d-a1eab97e4f9d.jpg/480x360.jpg
edb6d3be-3b66-4a58-ba25-49a17e79126f,volvo,v60,c,d,16999,1930,d,87516,04-2016,65.18883147641638,2432,https://prod.pictures.autoscout24.net/listing-images/edb6d3be-3b66-4a58-ba25-49a17e79126f_8563a51a-9dc0-44be-90cd-7895348759e6.jpg/480x360.jpg
b94f29aa-ce96-4dd6-aa78-ff59e5f6796e,volvo,xc90,c,d,28990,9810,d,175340,10-2016,80.58546176841949,2249,https://prod.pictures.autoscout24.net/listing-images/b94f29aa-ce96-4dd6-aa78-ff59e5f6796e_9278e463-ba52-456d-80e9-d888c8294dff.jpg/480x360.jpg
e141602b-2f57-4ff0-ad1d-63e9c24fddd2,volvo,xc40,c,d,34750,1930,d,48362,04-2021,65.18883147641638,606,https://prod.pictures.autoscout24.net/listing-images/e141602b-2f57-4ff0-ad1d-63e9c24fddd2_913f1356-426d-4634-9966-f61a69e7812d.jpg/480x360.jpg
c7c7b2af-9317-481d-96e9-b334d21b0ec5,volvo,v40,c,d,17990,4000,b,51873,01-2019,118.53949006185148,1427,https://prod.pictures.autoscout24.net/listing-images/c7c7b2af-9317-481d-96e9-b334d21b0ec5_b09279e0-6e93-499c-8fc7-60ad41eb1013.jpg/480x360.jpg
6ec6dedd-f2c7-4d95-9f37-b1375e57f778,volvo,xc40,c,d,52900,3294,2,2069,11-2021,63.99388780183349,392,https://prod.pictures.autoscout24.net/listing-images/6ec6dedd-f2c7-4d95-9f37-b1375e57f778_e552aa34-9cc9-4b4b-a1ca-970287550f0f.jpg/480x360.jpg
2b87324b-0ad3-4c95-aa8e-b427b8bf0f68,volvo,xc90,c,d,44495,2830,b,90000,08-2018,45.04397020411872,1580,https://prod.pictures.autoscout24.net/listing-images/2b87324b-0ad3-4c95-aa8e-b427b8bf0f68_8f3117b1-67b0-4059-84e9-b0d35020f79e.jpg/480x360.jpg
d0dfa548-228a-4e61-841d-5597cfbb2e28,volvo,xc40,c,d,26490,2630,b,78025,05-2019,37.55427282853161,1307,https://prod.pictures.autoscout24.net/listing-images/d0dfa548-228a-4e61-841d-5597cfbb2e28_22f8c8c8-3cb5-420d-9352-e23cf43ad9b0.jpg/480x360.jpg
64dd2384-3e9f-4a1b-8728-b293b411add6,volvo,s60,c,d,38999,1930,2,17686,11-2020,65.18883147641638,757,https://prod.pictures.autoscout24.net/listing-images/64dd2384-3e9f-4a1b-8728-b293b411add6_277613e5-cf63-4794-a03b-460085be24c2.jpg/480x360.jpg
87f431a3-280a-444d-8d8d-e36d087ca907,volvo,v60,c,d,22490,4000,d,106312,04-2018,118.53949006185148,1702,https://prod.pictures.autoscout24.net/listing-images/87f431a3-280a-444d-8d8d-e36d087ca907_bff6455b-3e4c-48e3-8fe8-b63bbe48c04d.jpg/480x360.jpg
9449f062-7519-4447-b78c-023f6f526342,volvo,s60,c,d,36999,1160,b,34501,05-2020,72.45305351002509,941,https://prod.pictures.autoscout24.net/listing-images/9449f062-7519-4447-b78c-023f6f526342_6ab5fcc1-09a8-40c4-8140-d3e5004d066e.jpg/480x360.jpg
9f5a5741-0093-411b-b386-acdaec5ebeea,volvo,v40 cross country,c,d,17855,1780,d,82360,03-2019,63.273818071645216,1368,https://prod.pictures.autoscout24.net/listing-images/9f5a5741-0093-411b-b386-acdaec5ebeea_1bd689bb-f7cf-4e51-853c-2dc64b83f16b.jpg/480x360.jpg
04246ce4-5f6e-40f1-94de-32607cdd5a1f,volvo,v60,c,d,37900,9800,d,56044,06-2021,85.43781742981923,545,https://prod.pictures.autoscout24.net/listing-images/04246ce4-5f6e-40f1-94de-32607cdd5a1f_0c4f62d1-ba29-4eb7-940f-32c973c40565.jpg/480x360.jpg
bf8e49b1-89cf-4a93-8ec3-5ad7cdbea916,volvo,v90,c,d,63900,2800,2,2536,12-2021,49.170515286575046,362,https://prod.pictures.autoscout24.net/listing-images/bf8e49b1-89cf-4a93-8ec3-5ad7cdbea916_c2a3680d-19bc-4e9e-bf3a-8398b7706e9e.jpg/480x360.jpg
e305c1be-1542-4688-919c-b05168441f43,volvo,v40,c,d,14990,6180,d,113000,07-2017,111.8460773215552,1976,https://prod.pictures.autoscout24.net/listing-images/e305c1be-1542-4688-919c-b05168441f43_88ae6583-44db-4245-b867-7f83c90ab631.jpg/480x360.jpg
3f59ad46-d14a-433f-951d-e8a50fec34f1,volvo,xc60,c,d,34990,9810,d,84634,06-2018,80.58546176841949,1641,https://prod.pictures.autoscout24.net/listing-images/3f59ad46-d14a-433f-951d-e8a50fec34f1_5e3b16af-8ab6-4693-a0a6-68dd947d2cb9.jpg/480x360.jpg
93cc2ede-5039-4ffd-8be4-a838d26c512b,volvo,xc60,c,d,33800,1000,b,102446,02-2018,69.17270624549755,1761,https://prod.pictures.autoscout24.net/listing-images/93cc2ede-5039-4ffd-8be4-a838d26c512b_5cef2c8c-dfd8-4d73-94c2-e06fc1718604.jpg/480x360.jpg
7ee9f099-82be-4d3b-b140-3532d141c801,volvo,v60,c,d,19900,1000,b,100144,04-2017,69.17270624549755,2067,https://prod.pictures.autoscout24.net/listing-images/7ee9f099-82be-4d3b-b140-3532d141c801_bb3b9437-eae2-4cb4-a39d-801d31019fb2.jpg/480x360.jpg
f8605f9c-c4a5-48f5-857b-ad4cb021be1b,volvo,xc60,c,d,49990,2800,d,6923,03-2022,49.170515286575046,272,https://prod.pictures.autoscout24.net/listing-images/f8605f9c-c4a5-48f5-857b-ad4cb021be1b_8155249f-1a50-40f1-bafa-02dc2f4f61a7.jpg/480x360.jpg
82494825-4563-429e-bc33-c8c4d9062d18,volvo,xc60,c,d,23990,4000,d,64090,04-2017,118.53949006185148,2067,https://prod.pictures.autoscout24.net/listing-images/82494825-4563-429e-bc33-c8c4d9062d18_c92632c3-a4db-4cd5-ac5a-9370fd076796.jpg/480x360.jpg
304464da-7082-4281-a070-a7d536a5eb75,volvo,s60,c,d,10800,1000,d,127450,10-2015,69.17270624549755,2615,https://prod.pictures.autoscout24.net/listing-images/304464da-7082-4281-a070-a7d536a5eb75_ddc00f99-14ab-46cd-a913-ed27d861b202.jpg/480x360.jpg
7d3fa9b5-75cd-4b96-9f74-00f8c32f0e2a,volvo,xc40,c,d,26990,2630,b,75570,04-2019,37.55427282853161,1337,https://prod.pictures.autoscout24.net/listing-images/7d3fa9b5-75cd-4b96-9f74-00f8c32f0e2a_0bae0894-13b7-46f4-bf42-6e671b3e2690.jpg/480x360.jpg
6e9c6c7c-aeb9-4c65-a19d-cc9c9d945059,volvo,xc90,c,d,69900,1982,3,25510,09-2020,54.987372378775355,818,https://prod.pictures.autoscout24.net/listing-images/6e9c6c7c-aeb9-4c65-a19d-cc9c9d945059_6075896d-353b-4c3f-b487-bb420ad7b587.jpg/480x360.jpg
ab93c976-5ddc-49d4-a348-58f7a22e5adf,volvo,v90,c,d,63900,2800,2,6650,11-2021,49.170515286575046,392,https://prod.pictures.autoscout24.net/listing-images/ab93c976-5ddc-49d4-a348-58f7a22e5adf_a42715cd-6c00-41da-9023-bdf670b7aa05.jpg/480x360.jpg
35b6d2e0-259c-4c22-8de0-cff47ee1115a,volvo,xc60,c,d,18990,6970,d,122117,10-2014,169.87153563896285,2980,https://prod.pictures.autoscout24.net/listing-images/35b6d2e0-259c-4c22-8de0-cff47ee1115a_69b9af8c-2c1c-471a-be82-58dc8f9aeec2.jpg/480x360.jpg
d3069e5c-09ef-48e3-ac0c-628b1abe91de,volvo,v90,c,d,45995,8830,3,10,07-2021,110.14495439154433,515,https://prod.pictures.autoscout24.net/listing-images/d3069e5c-09ef-48e3-ac0c-628b1abe91de_b866f45c-fe95-49a4-afff-2ac5fa28ba4b.png/480x360.jpg
0b974bd0-9a83-468b-8b31-0ecc04957cea,volvo,s60,c,d,38495,8830,b,22121,01-2021,110.14495439154433,696,https://prod.pictures.autoscout24.net/listing-images/0b974bd0-9a83-468b-8b31-0ecc04957cea_fee44fa3-ac36-4222-ad62-1bf732f27141.png/480x360.jpg
595c70a2-1204-41c7-8734-3d8ccf085c13,volvo,xc60,c,d,17750,1000,d,136204,11-2013,69.17270624549755,3314,https://prod.pictures.autoscout24.net/listing-images/595c70a2-1204-41c7-8734-3d8ccf085c13_2ae36c34-1f8e-4e58-96e0-bf5511052efe.jpg/480x360.jpg
743ab2e1-b1b4-415a-bf54-9ec8983afab9,volvo,xc60,c,d,25500,1000,d,109494,07-2017,69.17270624549755,1976,https://prod.pictures.autoscout24.net/listing-images/743ab2e1-b1b4-415a-bf54-9ec8983afab9_19954004-eaa9-4d44-a084-2e77f08dac22.jpg/480x360.jpg
7d31cd83-39be-4acc-b2e1-fbf485469d76,volvo,xc60,c,d,49900,1982,2,11953,01-2021,54.987372378775355,696,https://prod.pictures.autoscout24.net/listing-images/7d31cd83-39be-4acc-b2e1-fbf485469d76_bdc4d8df-4bf2-4b2d-9465-da2e57ad7dd7.jpg/480x360.jpg
e498808c-1433-4fb3-a174-6b5010b8886c,volvo,s90,c,d,39950,3940,d,51606,08-2019,72.49261206065027,1215,https://prod.pictures.autoscout24.net/listing-images/e498808c-1433-4fb3-a174-6b5010b8886c_c68e78fe-e746-4ee3-9ba3-c83d75dec8b7.jpg/480x360.jpg
2408af6c-8ab1-43cf-9119-6602ec0fd451,volvo,xc60,c,d,22490,4000,d,72172,03-2017,118.53949006185148,2098,https://prod.pictures.autoscout24.net/listing-images/2408af6c-8ab1-43cf-9119-6602ec0fd451_efcb04f0-6a4f-4384-acda-7b058ad73629.jpg/480x360.jpg
049ab767-408a-41b8-a33d-ef6b9a5c06c9,volvo,xc60,c,d,38999,1930,d,47610,01-2020,65.18883147641638,1062,https://prod.pictures.autoscout24.net/listing-images/049ab767-408a-41b8-a33d-ef6b9a5c06c9_f4996531-4742-4da2-b581-71a0e0092526.jpg/480x360.jpg
90370ec1-143b-4452-ba15-cf01659ec4db,volvo,xc90,c,d,66900,2800,d,36642,05-2021,49.170515286575046,576,https://prod.pictures.autoscout24.net/listing-images/90370ec1-143b-4452-ba15-cf01659ec4db_de2208df-a287-4331-8ca0-95f8235fe5c4.jpg/480x360.jpg
69229dbf-b36e-43d3-b44a-e5d311f51373,volvo,v60,c,d,21300,1000,b,78846,05-2018,69.17270624549755,1672,https://prod.pictures.autoscout24.net/listing-images/69229dbf-b36e-43d3-b44a-e5d311f51373_1d701e4c-c5b0-4558-9ee3-e3ad6afe6481.jpg/480x360.jpg
d3b406a2-117a-480f-9123-594de98f4e81,volvo,xc60,c,d,14990,2550,d,170000,01-2015,37.36039038956695,2888,https://prod.pictures.autoscout24.net/listing-images/d3b406a2-117a-480f-9123-594de98f4e81_d3027d8f-2909-4305-b1e4-aef59564bd50.jpg/480x360.jpg
c63aa8ae-8885-4f35-9342-4556d76e688e,volvo,xc60,c,d,23990,9810,d,81181,11-2015,80.58546176841949,2584,https://prod.pictures.autoscout24.net/listing-images/c63aa8ae-8885-4f35-9342-4556d76e688e_6ef81cca-bd34-46de-98ad-770d8ea9ca6d.jpg/480x360.jpg
f0d3aed5-c86a-4a2d-a26a-cf3de5b2f1d5,volvo,v90,c,d,63750,3940,2,8532,11-2021,72.49261206065027,392,https://prod.pictures.autoscout24.net/listing-images/f0d3aed5-c86a-4a2d-a26a-cf3de5b2f1d5_aabe0dc0-e206-45b4-8587-bf199f3db9ce.jpg/480x360.jpg
cf25bcc8-0e87-49de-8e7b-904cedc8ad24,volvo,xc60,c,d,68900,2800,2,14862,10-2021,49.170515286575046,423,https://prod.pictures.autoscout24.net/listing-images/cf25bcc8-0e87-49de-8e7b-904cedc8ad24_6cb9c28b-1480-4ff8-88c9-ee88de4d82a1.jpg/480x360.jpg
2f0cbeea-ab8a-4874-abd9-f18ace7ca0ba,volvo,xc60,c,d,33890,4000,d,53916,02-2019,118.53949006185148,1396,https://prod.pictures.autoscout24.net/listing-images/2f0cbeea-ab8a-4874-abd9-f18ace7ca0ba_f62be376-bc6f-4f0c-927f-da8546465762.jpg/480x360.jpg
9acb7d50-db5a-4980-a336-a10d603113be,volvo,v90,c,d,29500,3200,d,50229,08-2019,60.911700271925,1215,https://prod.pictures.autoscout24.net/listing-images/9acb7d50-db5a-4980-a336-a10d603113be_d28a4634-c085-4282-94e4-0600566ac7e4.jpg/480x360.jpg
49de60d0-f0c4-41da-acfd-3591bbd1d3e2,volvo,xc40,c,d,38490,4000,b,9863,04-2022,118.53949006185148,241,https://prod.pictures.autoscout24.net/listing-images/49de60d0-f0c4-41da-acfd-3591bbd1d3e2_1b6026a3-403c-4512-b996-f3934b0bec49.jpg/480x360.jpg
680aee2a-213a-4e1b-b354-13520ccc5288,volvo,v60,c,d,41990,2800,b,12361,05-2021,49.170515286575046,576,https://prod.pictures.autoscout24.net/listing-images/680aee2a-213a-4e1b-b354-13520ccc5288_fab06517-da5a-4276-ac05-b4d569bbc882.jpg/480x360.jpg
24f89d92-ffa9-46f9-a123-a8d16eeb6e74,volvo,xc40,c,d,59999,1930,e,12482,02-2022,65.18883147641638,300,https://prod.pictures.autoscout24.net/listing-images/24f89d92-ffa9-46f9-a123-a8d16eeb6e74_ef0df27c-77c6-4564-8b05-4fbb57b9fac6.jpg/480x360.jpg
e92105ba-1816-41cc-96f0-be1b0ce4288e,volvo,xc60,c,d,56900,1982,2,2008,07-2022,54.987372378775355,150,https://prod.pictures.autoscout24.net/listing-images/e92105ba-1816-41cc-96f0-be1b0ce4288e_cd83e3cb-b5a4-4a9f-929a-f088b7088448.jpg/480x360.jpg
89e59786-db12-4fd8-a649-fba690385a6f,volvo,xc60,c,d,34990,3020,d,82480,10-2018,64.4845066062384,1519,https://prod.pictures.autoscout24.net/listing-images/89e59786-db12-4fd8-a649-fba690385a6f_03128b3c-ee8e-446d-9370-09e080f86cd4.jpg/480x360.jpg
9cc3f0cf-c459-48d8-b1dd-c49474c9347e,volvo,v60,c,d,20999,1930,b,90912,06-2017,65.18883147641638,2006,https://prod.pictures.autoscout24.net/listing-images/9cc3f0cf-c459-48d8-b1dd-c49474c9347e_804936a4-eabe-4694-9a82-e3ded6a32f02.jpg/480x360.jpg
02b265b6-06ac-42ed-a26d-fe362a44759c,volvo,v60,c,d,42999,1930,3,49436,01-2021,65.18883147641638,696,https://prod.pictures.autoscout24.net/listing-images/02b265b6-06ac-42ed-a26d-fe362a44759c_52bcc087-44d9-4fbd-9b51-54d90e6b7de2.jpg/480x360.jpg
0d37ba31-52ab-4b9f-8c4e-afe798168d49,volvo,xc60,c,d,41990,4000,3,40645,08-2019,118.53949006185148,1215,https://prod.pictures.autoscout24.net/listing-images/0d37ba31-52ab-4b9f-8c4e-afe798168d49_4a5dc91f-c92c-41ff-a6cf-f94cf647ce31.jpg/480x360.jpg
d44a9713-fc94-454e-a019-a1af1800bdc8,volvo,v60,c,d,42700,8800,d,8981,10-2021,107.24415982689398,423,https://prod.pictures.autoscout24.net/listing-images/d44a9713-fc94-454e-a019-a1af1800bdc8_8716032e-502d-43cc-a0f3-46a4949db330.jpg/480x360.jpg
647377dd-ea64-4d2b-9354-33cd0d4c698f,volvo,xc90,c,d,44995,8000,d,63832,12-2017,90.37195651627515,1823,https://prod.pictures.autoscout24.net/listing-images/647377dd-ea64-4d2b-9354-33cd0d4c698f_de9cc567-2eb9-4125-ba47-923c2cee7442.jpg/480x360.jpg
d106b4a8-4577-44b4-bb25-fae2ab63e1eb,volvo,xc90,c,d,41990,2800,d,75250,06-2016,49.170515286575046,2371,https://prod.pictures.autoscout24.net/listing-images/d106b4a8-4577-44b4-bb25-fae2ab63e1eb_e7a8b2ac-8a38-4d8d-bc69-00a9455d3de0.jpg/480x360.jpg
d17a5c50-35f6-4105-9450-3f94d12052c6,volvo,v60,c,d,15940,1070,d,99076,09-2016,71.06367211068877,2279,https://prod.pictures.autoscout24.net/listing-images/d17a5c50-35f6-4105-9450-3f94d12052c6_0a941b49-9a05-462a-974b-af8b847f4da8.jpg/480x360.jpg
e5fef25f-d28f-4d93-8d59-ebe8e09a75c7,volvo,xc90,c,d,46999,1930,d,68939,04-2017,65.18883147641638,2067,https://prod.pictures.autoscout24.net/listing-images/e5fef25f-d28f-4d93-8d59-ebe8e09a75c7_cb6a470c-0a25-446c-a175-767f63a72f42.jpg/480x360.jpg
33e42cbf-e488-4202-9d61-e7a28ae240a2,volvo,v40,c,d,15499,1300,d,128007,07-2019,83.88957347991013,1246,https://prod.pictures.autoscout24.net/listing-images/33e42cbf-e488-4202-9d61-e7a28ae240a2_966455f3-305f-4c5c-9385-6e811c5db6ba.jpg/480x360.jpg
05dd8d04-ac6a-41d8-a65f-28e6f813355d,volvo,v60,c,d,40990,2800,d,9500,03-2022,49.170515286575046,272,https://prod.pictures.autoscout24.net/listing-images/05dd8d04-ac6a-41d8-a65f-28e6f813355d_befe7ac8-2900-44c3-8d14-bb1e1a01818e.jpg/480x360.jpg
55b0fa0a-accb-40a7-9e3c-f24a58d651f7,volvo,xc40,c,d,34999,1160,b,42371,06-2018,72.45305351002509,1641,https://prod.pictures.autoscout24.net/listing-images/55b0fa0a-accb-40a7-9e3c-f24a58d651f7_7fb47971-6e98-4249-a3b2-04406f77adde.jpg/480x360.jpg
6fdabe84-31d0-4520-aa0e-2fa2a0fbb3a6,volvo,xc90,c,d,84900,2800,2,20635,02-2021,49.170515286575046,665,https://prod.pictures.autoscout24.net/listing-images/6fdabe84-31d0-4520-aa0e-2fa2a0fbb3a6_2a2bc816-e17c-4317-99be-dbca9168f609.jpg/480x360.jpg
51819ad3-adfe-4369-8f76-856bc0249769,volvo,xc90,c,d,69900,2800,d,52580,03-2021,49.170515286575046,637,https://prod.pictures.autoscout24.net/listing-images/51819ad3-adfe-4369-8f76-856bc0249769_0fcf6f74-875e-46d6-aa9a-5def247caaac.jpg/480x360.jpg
3d36ec10-cee7-40e3-b2a5-9b329e3db787,volvo,s40,c,d,4990,1930,d,199000,12-2009,65.18883147641638,4745,https://prod.pictures.autoscout24.net/listing-images/3d36ec10-cee7-40e3-b2a5-9b329e3db787_d9a7b442-1f2a-4e31-a305-7cdca3d6d5c4.jpg/480x360.jpg
845d08b6-2c4e-48a3-a95d-898774c8ef12,volvo,xc90,c,d,52499,1651,d,67000,06-2020,78.98056604317188,910,https://prod.pictures.autoscout24.net/listing-images/845d08b6-2c4e-48a3-a95d-898774c8ef12_64b393f6-29bf-4ff7-bae6-ae11ca080c91.jpg/480x360.jpg
48781148-70d3-45c6-ae54-e0286896c506,volvo,s90,c,d,29999,1930,d,55600,01-2018,65.18883147641638,1792,https://prod.pictures.autoscout24.net/listing-images/48781148-70d3-45c6-ae54-e0286896c506_badfc582-2372-423a-983a-7894529079c3.jpg/480x360.jpg
54d6ae09-8379-4502-845e-602c62787769,volvo,xc40,c,d,32500,1300,d,35338,08-2020,83.88957347991013,849,https://prod.pictures.autoscout24.net/listing-images/54d6ae09-8379-4502-845e-602c62787769_c3a43c42-86ad-4426-9b71-b478d21121a3.jpg/480x360.jpg
23d027c4-d147-4d82-8a7c-60f2b15a4a0a,volvo,v60,c,d,34250,1160,d,72200,01-2020,72.45305351002509,1062,https://prod.pictures.autoscout24.net/listing-images/23d027c4-d147-4d82-8a7c-60f2b15a4a0a_1f382f23-6948-46d9-873f-08e76a700a86.jpg/480x360.jpg
172a039f-4fe2-4d7d-b0bf-4f25af419c5c,volvo,xc40,c,d,30999,1300,d,40572,01-2021,83.88957347991013,696,https://prod.pictures.autoscout24.net/listing-images/172a039f-4fe2-4d7d-b0bf-4f25af419c5c_054c11f5-8f64-41ef-9ba5-fa16e3a5c184.jpg/480x360.jpg
b6e02914-6595-45d4-b9de-a0bbb9970d20,volvo,xc40,c,d,51899,1160,2,31452,11-2020,72.45305351002509,757,https://prod.pictures.autoscout24.net/listing-images/b6e02914-6595-45d4-b9de-a0bbb9970d20_6dfe7772-7121-4b87-a3a1-53e6c170c852.jpg/480x360.jpg
e2f7f3e2-8ffb-4f84-9bf8-d90a52b93de8,volvo,xc90,c,d,45950,1932,d,84219,01-2018,66.67198913187099,1792,https://prod.pictures.autoscout24.net/listing-images/e2f7f3e2-8ffb-4f84-9bf8-d90a52b93de8_929c40cd-68f3-4ef0-a9ed-6cfbeb456acc.jpg/480x360.jpg
2b5c801d-7fb1-4370-ab36-8715d7f9c84a,volvo,v60,c,d,39900,1982,2,16463,10-2020,54.987372378775355,788,https://prod.pictures.autoscout24.net/listing-images/2b5c801d-7fb1-4370-ab36-8715d7f9c84a_44c915ed-53df-4003-92ac-b8b75a90ae99.jpg/480x360.jpg
114c4b46-70ca-42d2-a63c-fb3f8f3f297e,volvo,c30,c,d,6990,2800,d,98500,11-2009,49.170515286575046,4775,https://prod.pictures.autoscout24.net/listing-images/114c4b46-70ca-42d2-a63c-fb3f8f3f297e_41eb67ec-1329-47d0-b7a6-468c2853dc53.jpg/480x360.jpg
2b7d5d23-e03d-40d4-b009-372055760444,volvo,v60,c,d,31750,1300,d,62758,08-2020,83.88957347991013,849,https://prod.pictures.autoscout24.net/listing-images/2b7d5d23-e03d-40d4-b009-372055760444_bd0b9181-2c14-40bb-b687-49ffc435b7ab.jpg/480x360.jpg
7f9ae972-eea8-47a4-ab46-815b702c9936,volvo,v60,c,d,33950,1930,d,63050,01-2020,65.18883147641638,1062,https://prod.pictures.autoscout24.net/listing-images/7f9ae972-eea8-47a4-ab46-815b702c9936_4c60010d-3928-485b-8ee5-e9bf32fd2c5c.jpg/480x360.jpg
3c99f63a-e101-493e-945d-612a375e50dc,volvo,xc60,c,d,50990,2800,d,10703,03-2022,49.170515286575046,272,https://prod.pictures.autoscout24.net/listing-images/3c99f63a-e101-493e-945d-612a375e50dc_826712d0-83dd-4232-b68e-3547346e2b29.jpg/480x360.jpg
f75048a2-1307-4e34-b5a2-ceb0a5501193,volvo,xc60,c,d,40250,1930,b,50623,06-2019,65.18883147641638,1276,https://prod.pictures.autoscout24.net/listing-images/f75048a2-1307-4e34-b5a2-ceb0a5501193_2bead0ce-3888-4374-9151-7033d7ee3f4f.jpg/480x360.jpg
f062abcb-728e-4114-924d-8a706a44c33e,volvo,xc90,c,d,40999,1160,d,99443,06-2017,72.45305351002509,2006,https://prod.pictures.autoscout24.net/listing-images/f062abcb-728e-4114-924d-8a706a44c33e_541474dc-9a06-4ccc-a4dd-2ffe90e05de2.jpg/480x360.jpg
1705d611-4046-4dd1-899c-548b8c413072,volvo,xc60,c,d,48900,2800,d,29052,03-2022,49.170515286575046,272,https://prod.pictures.autoscout24.net/listing-images/1705d611-4046-4dd1-899c-548b8c413072_dfd5ccfc-9a88-4ac0-bdb4-e266b9eecdc2.jpg/480x360.jpg
995f68a2-0b42-44f3-ab33-6ae3651a198b,volvo,xc60,c,d,51900,1982,2,8764,10-2021,54.987372378775355,423,https://prod.pictures.autoscout24.net/listing-images/995f68a2-0b42-44f3-ab33-6ae3651a198b_442b5296-6217-443a-9aee-3ff1997de4ae.jpg/480x360.jpg
614ef3ea-546e-480d-8a00-3e04298a3171,volvo,xc60,c,d,67900,2800,2,9500,12-2021,49.170515286575046,362,https://prod.pictures.autoscout24.net/listing-images/614ef3ea-546e-480d-8a00-3e04298a3171_bf410444-a254-4bfd-805e-6e7fcf4bdec4.jpg/480x360.jpg
9d12b721-5932-4c1b-ac43-7a24ef35a063,volvo,v90,c,d,23890,2630,d,87645,03-2017,37.55427282853161,2098,https://prod.pictures.autoscout24.net/listing-images/9d12b721-5932-4c1b-ac43-7a24ef35a063_b00b8b0c-00e7-4248-be32-c1a28783f547.jpg/480x360.jpg
957fbc0d-ba94-44d4-9bf5-42fb2944a2d9,volvo,xc60,c,d,51900,1982,b,14035,11-2021,54.987372378775355,392,https://prod.pictures.autoscout24.net/listing-images/957fbc0d-ba94-44d4-9bf5-42fb2944a2d9_ed93fcd9-2880-426c-b7d7-9212eee37dc4.jpg/480x360.jpg
df4c985b-b3d2-4f61-8418-eb0a4561bab9,volvo,xc40,c,d,25500,6840,d,138000,12-2018,191.08824841558032,1458,https://prod.pictures.autoscout24.net/listing-images/df4c985b-b3d2-4f61-8418-eb0a4561bab9_6f47c467-a74c-46cf-95d7-63ca27f4928d.jpg/480x360.jpg
e864f328-623a-4efe-8a3e-7d0e2c2a8398,volvo,xc40,c,d,36500,1930,d,30370,02-2021,65.18883147641638,665,https://prod.pictures.autoscout24.net/listing-images/e864f328-623a-4efe-8a3e-7d0e2c2a8398_54634b59-9792-49e6-86a7-d9058b9e6e4b.jpg/480x360.jpg
f7babfcf-3a5a-41af-aab2-d2c11a9a19f2,volvo,v60 cross country,c,d,37500,1930,d,79910,08-2020,65.18883147641638,849,https://prod.pictures.autoscout24.net/listing-images/f7babfcf-3a5a-41af-aab2-d2c11a9a19f2_0df2bf79-665a-41b8-8994-a7ff6c32a115.jpg/480x360.jpg
fda67fe3-9e24-4f86-a051-dc116c921356,volvo,xc40,c,d,32999,1300,d,93555,05-2018,83.88957347991013,1672,https://prod.pictures.autoscout24.net/listing-images/fda67fe3-9e24-4f86-a051-dc116c921356_64b97201-6a88-4ba2-97c7-6a8f31e7c0d3.jpg/480x360.jpg
ed47822f-5fb7-4678-b197-df7a56c05f77,volvo,v60,c,d,36999,1300,b,29136,03-2020,83.88957347991013,1002,https://prod.pictures.autoscout24.net/listing-images/ed47822f-5fb7-4678-b197-df7a56c05f77_a826643c-2962-45f1-a32b-491c4f86bec1.jpg/480x360.jpg
48ea3799-3712-48bf-ae3c-67e60aefc487,volvo,v60,c,d,18190,4000,d,103201,04-2018,118.53949006185148,1702,https://prod.pictures.autoscout24.net/listing-images/48ea3799-3712-48bf-ae3c-67e60aefc487_a35e6dde-8fc7-4f80-b2ae-b85d5ba7af86.jpg/480x360.jpg
0bdd1c87-637f-4916-98c0-51fe98cf6c66,volvo,xc40,c,d,52900,3294,2,3474,11-2021,63.99388780183349,392,https://prod.pictures.autoscout24.net/listing-images/0bdd1c87-637f-4916-98c0-51fe98cf6c66_17df944c-3fc2-469b-8983-5778937a82d4.jpg/480x360.jpg
e915f34f-d588-46c9-b2e0-9742f3313fe4,volvo,xc40,c,d,37900,1982,b,19987,09-2020,54.987372378775355,818,https://prod.pictures.autoscout24.net/listing-images/e915f34f-d588-46c9-b2e0-9742f3313fe4_32f63c82-9550-423f-8234-30d9bdd954e9.jpg/480x360.jpg
513fe0bc-570f-45a1-a62d-b989d4b649fc,volvo,xc40,c,d,36999,1930,d,43807,02-2020,65.18883147641638,1031,https://prod.pictures.autoscout24.net/listing-images/513fe0bc-570f-45a1-a62d-b989d4b649fc_3ead55f7-8baf-4c3d-8f96-158ac48d9fa1.jpg/480x360.jpg
bc1e0948-3a0e-4a99-a396-d31a7d414e68,volvo,v90,c,d,59700,2800,2,4039,01-2021,49.170515286575046,696,https://prod.pictures.autoscout24.net/listing-images/bc1e0948-3a0e-4a99-a396-d31a7d414e68_7f24fcce-bbf1-4b9e-9373-8a50b34710cf.jpg/480x360.jpg
1ef02f0d-674a-4ab5-a820-e95d87ca7c04,volvo,xc40,c,d,30490,2630,d,75779,03-2019,37.55427282853161,1368,https://prod.pictures.autoscout24.net/listing-images/1ef02f0d-674a-4ab5-a820-e95d87ca7c04_63ee4a39-ec0a-416c-99d5-fa3ccf43fe2b.jpg/480x360.jpg
5728df62-8643-4a29-a1de-cea709f48b59,volvo,xc90,c,d,89600,2800,2,13037,12-2021,49.170515286575046,362,https://prod.pictures.autoscout24.net/listing-images/5728df62-8643-4a29-a1de-cea709f48b59_8ed13db8-f87c-4867-b76f-52dc69244fb6.jpg/480x360.jpg
3268684c-0530-486a-8d7e-80ec756ad930,volvo,xc60,c,d,56900,1982,2,2015,07-2022,54.987372378775355,150,https://prod.pictures.autoscout24.net/listing-images/3268684c-0530-486a-8d7e-80ec756ad930_53296579-7444-4460-ae61-e97d130c0ab3.jpg/480x360.jpg
068aa14b-0484-4b8a-affc-0d057dc55da9,volvo,v40,c,d,18750,1160,b,61677,05-2017,72.45305351002509,2037,https://prod.pictures.autoscout24.net/listing-images/068aa14b-0484-4b8a-affc-0d057dc55da9_a73753ba-2c02-45ab-9ba4-ae489492ea11.jpg/480x360.jpg
09a46ba9-a244-495d-853a-230f7cb7ce6c,volvo,v90,c,d,45900,2800,d,27696,11-2020,49.170515286575046,757,https://prod.pictures.autoscout24.net/listing-images/09a46ba9-a244-495d-853a-230f7cb7ce6c_eaf69ce3-402a-4e3e-a04f-b02d6a678b48.jpg/480x360.jpg
cbae2f5d-d8a8-4839-b54d-565ff97f7b8b,volvo,xc60,c,d,42900,1982,d,22357,06-2020,54.987372378775355,910,https://prod.pictures.autoscout24.net/listing-images/cbae2f5d-d8a8-4839-b54d-565ff97f7b8b_204a5efb-09d4-4f7a-808b-db651505d137.jpg/480x360.jpg
75095869-e976-4b58-ab12-c4694a9994f3,volvo,xc40,c,d,41350,1930,b,34669,07-2020,65.18883147641638,880,https://prod.pictures.autoscout24.net/listing-images/75095869-e976-4b58-ab12-c4694a9994f3_77685fc2-e306-4471-9439-9ecdf7928792.jpg/480x360.jpg
9d758cf6-33e8-4540-a133-097b1fc3f0e9,volvo,xc40,c,d,31900,1930,b,33935,06-2021,65.18883147641638,545,https://prod.pictures.autoscout24.net/listing-images/9d758cf6-33e8-4540-a133-097b1fc3f0e9_108d5043-37a6-4ea4-b230-3071e1c75f37.jpg/480x360.jpg
c66a3878-2aa4-4903-8160-4594d102b3fc,volvo,xc40,c,d,36500,1930,d,29586,02-2021,65.18883147641638,665,https://prod.pictures.autoscout24.net/listing-images/c66a3878-2aa4-4903-8160-4594d102b3fc_5b56bd52-fa85-474e-8957-0a1f1aa12586.jpg/480x360.jpg
dfd58d20-80bc-456c-bbe1-ccb4c8f23f35,volvo,xc40,c,d,36295,8830,b,47004,03-2019,110.14495439154433,1368,https://prod.pictures.autoscout24.net/listing-images/dfd58d20-80bc-456c-bbe1-ccb4c8f23f35_2d5d140a-e372-4d02-9878-3ddd42d27c3b.png/480x360.jpg
aa1a5ffb-3c25-4247-8ca8-66974d83b49e,volvo,xc40,c,d,41450,1160,b,20001,06-2020,72.45305351002509,910,https://prod.pictures.autoscout24.net/listing-images/aa1a5ffb-3c25-4247-8ca8-66974d83b49e_d45469d9-518c-4e87-9314-9d97cd2dc7b9.jpg/480x360.jpg
f8f7aa11-f789-4492-998c-19fa6477b00f,volvo,xc40,c,d,39990,1831,d,26816,03-2021,63.496143889011755,637,https://prod.pictures.autoscout24.net/listing-images/f8f7aa11-f789-4492-998c-19fa6477b00f_6c6c5d06-c86f-4285-9fb1-e00a3bd2a40a.jpg/480x360.jpg
625e460b-a1d6-414d-9b28-0772c0f6c10f,volvo,v60,c,d,35990,2800,d,39805,01-2020,49.170515286575046,1062,https://prod.pictures.autoscout24.net/listing-images/625e460b-a1d6-414d-9b28-0772c0f6c10f_dae6f391-9b07-4a01-9025-9b8e988ef0ce.jpg/480x360.jpg
b64572ce-bd28-4cfa-b29d-1eb1113ada79,volvo,xc40,c,d,49990,2800,2,19045,03-2021,49.170515286575046,637,https://prod.pictures.autoscout24.net/listing-images/b64572ce-bd28-4cfa-b29d-1eb1113ada79_5b17e477-7412-48cb-ac8d-9432ab008c86.jpg/480x360.jpg
ae69418a-f4ab-4aa3-bfe7-3952a1185a4e,volvo,xc40,c,d,38350,2800,b,5800,02-2022,49.170515286575046,300,https://prod.pictures.autoscout24.net/listing-images/ae69418a-f4ab-4aa3-bfe7-3952a1185a4e_9775d319-2392-420b-aa1a-0e0df5ac57ee.jpg/480x360.jpg
9a24bb81-ca38-4862-87b4-2d33f7cfe2e2,volvo,xc90,c,d,92800,2800,2,1000,06-2022,49.170515286575046,180,https://prod.pictures.autoscout24.net/listing-images/9a24bb81-ca38-4862-87b4-2d33f7cfe2e2_5895cc9c-b3dd-45f2-9bfe-14d254430abc.jpg/480x360.jpg
4270d290-b65b-4e53-bafc-e861dec96263,volvo,v40,c,d,20750,1300,d,72221,01-2019,83.88957347991013,1427,https://prod.pictures.autoscout24.net/listing-images/4270d290-b65b-4e53-bafc-e861dec96263_7a54065d-a8fb-4452-a682-707e9cd66676.jpg/480x360.jpg
404be2d8-60f8-4591-96b6-7a1008dca69e,volvo,xc40,c,d,34500,1930,b,31613,05-2020,65.18883147641638,941,https://prod.pictures.autoscout24.net/listing-images/404be2d8-60f8-4591-96b6-7a1008dca69e_be674d69-deb6-4548-b1ec-82e1a3460234.jpg/480x360.jpg
9d5db667-a22f-4876-9e55-08154870c3c6,volvo,v60,c,d,40490,1831,d,34157,03-2021,63.496143889011755,637,https://prod.pictures.autoscout24.net/listing-images/9d5db667-a22f-4876-9e55-08154870c3c6_75721c95-cb01-42ed-823a-ddb0aa6961fa.jpg/480x360.jpg
c0034901-4b75-4a08-83bb-8cb9b5d73181,volvo,v60,c,d,38000,1930,d,33731,01-2021,65.18883147641638,696,https://prod.pictures.autoscout24.net/listing-images/c0034901-4b75-4a08-83bb-8cb9b5d73181_cc2c2217-9c9a-4812-a61f-c5a65518bc62.jpg/480x360.jpg
8e8f6d54-e7a2-4c53-a375-928000613167,volvo,xc60,c,d,50990,2800,d,16132,03-2022,49.170515286575046,272,https://prod.pictures.autoscout24.net/listing-images/8e8f6d54-e7a2-4c53-a375-928000613167_b69624fa-ed4a-4455-b247-04756a7dac51.jpg/480x360.jpg
46c58fe2-debe-4eca-a087-6ae13a2b9599,volvo,v40,c,d,21390,2630,b,56458,01-2019,37.55427282853161,1427,https://prod.pictures.autoscout24.net/listing-images/46c58fe2-debe-4eca-a087-6ae13a2b9599_65a7043e-591e-43e3-8139-1c140f282945.jpg/480x360.jpg
785fd66a-89e1-414f-a567-41db1144e5f1,volvo,xc40,c,d,49490,2800,2,34500,01-2021,49.170515286575046,696,https://prod.pictures.autoscout24.net/listing-images/785fd66a-89e1-414f-a567-41db1144e5f1_336ce0dd-542b-4b04-9e52-b7890ec9a876.jpg/480x360.jpg
675509ef-0da7-4167-8ac1-125652f59826,volvo,v60,c,d,43990,2800,b,36976,03-2021,49.170515286575046,637,https://prod.pictures.autoscout24.net/listing-images/675509ef-0da7-4167-8ac1-125652f59826_dd8f943b-f717-4460-a114-6f80ee77e86d.jpg/480x360.jpg
3a2b55dd-f279-4e56-83cb-d54caca02076,volvo,xc40,c,d,52399,1930,2,27877,11-2021,65.18883147641638,392,https://prod.pictures.autoscout24.net/listing-images/3a2b55dd-f279-4e56-83cb-d54caca02076_6ef3c783-6155-4124-811c-fb5658d1c9f3.jpg/480x360.jpg
e1811809-5a71-4801-a238-027e718d8216,volvo,xc40,c,d,48990,2800,2,6198,10-2021,49.170515286575046,423,https://prod.pictures.autoscout24.net/listing-images/e1811809-5a71-4801-a238-027e718d8216_a5429af6-42b0-4138-9b08-e3ae1e93d939.jpg/480x360.jpg
d68d8933-2abb-450d-843e-8f128810c0ef,volvo,xc40,c,d,34750,1930,d,61503,12-2018,65.18883147641638,1458,https://prod.pictures.autoscout24.net/listing-images/d68d8933-2abb-450d-843e-8f128810c0ef_2352f248-437e-4712-aa73-b8c27c07a73f.jpg/480x360.jpg
c32af70f-78bf-497d-87ac-ccabdad7005a,volvo,xc40,c,d,39999,1160,b,26997,02-2020,72.45305351002509,1031,https://prod.pictures.autoscout24.net/listing-images/c32af70f-78bf-497d-87ac-ccabdad7005a_0cbe97a6-927d-441c-96c4-e38eaca80d47.jpg/480x360.jpg
3d1d8e9e-074c-4376-a5ab-5b35199e7d60,volvo,xc40,c,d,52399,1930,2,27661,11-2021,65.18883147641638,392,https://prod.pictures.autoscout24.net/listing-images/3d1d8e9e-074c-4376-a5ab-5b35199e7d60_6c896cbb-b72d-4b10-a983-ebe3cd224129.jpg/480x360.jpg
205cbbfc-fabb-4849-b41e-b7da0758b4a7,volvo,xc40,c,d,48990,2800,2,15000,10-2021,49.170515286575046,423,https://prod.pictures.autoscout24.net/listing-images/205cbbfc-fabb-4849-b41e-b7da0758b4a7_1b18374d-2b4f-4edb-ae38-2dfc5d203389.jpg/480x360.jpg
03094c1b-eb66-49d9-ab32-04f8a2c507a7,volvo,xc60,c,d,53500,1160,2,13668,01-2022,72.45305351002509,331,https://prod.pictures.autoscout24.net/listing-images/03094c1b-eb66-49d9-ab32-04f8a2c507a7_807af008-42a3-4b9c-81c0-478813dd4082.jpg/480x360.jpg
25c149a5-2b5c-454a-b693-5b817910424e,volvo,xc40,c,d,48990,2800,2,8569,10-2021,49.170515286575046,423,https://prod.pictures.autoscout24.net/listing-images/25c149a5-2b5c-454a-b693-5b817910424e_994cef0c-a978-4cdc-a265-8234fda50c5b.jpg/480x360.jpg
70563b77-28cb-49d4-948b-493a4659a318,volvo,v40,c,d,17990,2800,d,88020,02-2016,49.170515286575046,2492,https://prod.pictures.autoscout24.net/listing-images/70563b77-28cb-49d4-948b-493a4659a318_cedc08a8-a8c2-4d1e-ab2d-fdde5bb52d9f.jpg/480x360.jpg
500f176c-1dc9-45e8-8a6d-639911a36563,volvo,c40,c,d,50500,2800,e,0,01-2022,49.170515286575046,331,https://prod.pictures.autoscout24.net/listing-images/500f176c-1dc9-45e8-8a6d-639911a36563_0761a092-5f6d-4ab9-afc1-5cd19491fe91.jpg/480x360.jpg
037b5991-4f8d-462d-a72f-50f532f07509,volvo,xc90,c,d,38995,2870,2,135641,02-2016,48.59068591419226,2492,https://prod.pictures.autoscout24.net/listing-images/037b5991-4f8d-462d-a72f-50f532f07509_445ecae0-ff84-443f-9fba-02292225dda0.jpg/480x360.jpg
a7ad591c-e83c-48a9-810e-6e5600ac707c,volvo,xc60,c,d,49990,2800,2,4929,07-2022,49.170515286575046,150,https://prod.pictures.autoscout24.net/listing-images/a7ad591c-e83c-48a9-810e-6e5600ac707c_58d9b3f1-1bb9-4d2e-baa7-7657a15070b6.jpg/480x360.jpg
c8363ff3-1825-4474-823f-4eff07ab4424,volvo,v60,c,d,39990,2800,2,36500,06-2019,49.170515286575046,1276,https://prod.pictures.autoscout24.net/listing-images/c8363ff3-1825-4474-823f-4eff07ab4424_5b08bd37-e173-40ea-966e-e4099319939c.jpg/480x360.jpg
b777b45b-af6f-4af1-88b4-6480858bba62,volvo,xc60,c,d,70900,2800,2,13245,06-2022,49.170515286575046,180,https://prod.pictures.autoscout24.net/listing-images/b777b45b-af6f-4af1-88b4-6480858bba62_5bbf8518-61b1-4854-b107-2eeffa0c10e5.jpg/480x360.jpg
e9f15cb6-4182-4dbb-b8dc-21d2eaea3858,volvo,xc60,c,d,50990,2800,b,6159,04-2022,49.170515286575046,241,https://prod.pictures.autoscout24.net/listing-images/e9f15cb6-4182-4dbb-b8dc-21d2eaea3858_c2d72237-374a-4446-ba30-ef36707cb1e6.jpg/480x360.jpg
716dcbbe-b962-4666-a738-4d49b2491cc4,volvo,v40 cross country,c,d,20799,1930,b,39306,07-2017,65.18883147641638,1976,https://prod.pictures.autoscout24.net/listing-images/716dcbbe-b962-4666-a738-4d49b2491cc4_9987cd00-a623-440f-8207-6cbc392fa336.jpg/480x360.jpg
f6514370-55a5-4b1f-a76c-f7edb5008a2c,volvo,xc60,c,d,44990,3545,2,82084,01-2018,69.86186323279148,1792,https://prod.pictures.autoscout24.net/listing-images/f6514370-55a5-4b1f-a76c-f7edb5008a2c_050d9858-ce66-46fb-8292-b1021246947d.jpg/480x360.jpg
27dc213c-5368-44ab-a950-972640255361,volvo,xc40,c,d,36999,1930,2,58027,10-2020,65.18883147641638,788,https://prod.pictures.autoscout24.net/listing-images/27dc213c-5368-44ab-a950-972640255361_0e39e947-f81c-42d3-84a7-75067bb45d09.jpg/480x360.jpg
c1519905-a5af-4741-a828-c263ea184bd7,volvo,xc40,c,d,42990,2800,b,28221,09-2020,49.170515286575046,818,https://prod.pictures.autoscout24.net/listing-images/c1519905-a5af-4741-a828-c263ea184bd7_969293c9-e88b-451b-b4c7-2bea0f6433a2.jpg/480x360.jpg
7bb84b15-70e1-4a36-a0ad-a2e642d23e80,volvo,v60,c,d,29990,2800,b,101017,02-2019,49.170515286575046,1396,https://prod.pictures.autoscout24.net/listing-images/7bb84b15-70e1-4a36-a0ad-a2e642d23e80_06584ab4-780d-4530-a91b-86fe63b4952d.jpg/480x360.jpg
08ca9f4a-a9b8-4ab2-bbe8-3654044df568,volvo,xc60,c,d,72399,1930,2,11040,04-2022,65.18883147641638,241,https://prod.pictures.autoscout24.net/listing-images/08ca9f4a-a9b8-4ab2-bbe8-3654044df568_c34670d3-f67e-4d69-b90e-800e217538ef.jpg/480x360.jpg
4ad3043d-ae52-4ce3-9067-3e5c3721f833,volvo,v40 cross country,c,d,20400,1930,d,27496,10-2017,65.18883147641638,1884,https://prod.pictures.autoscout24.net/listing-images/4ad3043d-ae52-4ce3-9067-3e5c3721f833_88a8ece8-b619-4bb1-b203-8be45a439952.jpg/480x360.jpg
dfe3694a-e450-4e21-97a2-e899c75258b6,volvo,xc60,c,d,44999,1930,2,21999,01-2021,65.18883147641638,696,https://prod.pictures.autoscout24.net/listing-images/dfe3694a-e450-4e21-97a2-e899c75258b6_b15acd65-73ab-488f-bfe5-4bc7d7b1a794.jpg/480x360.jpg
0a6df381-a8bf-4e42-9798-36057ada6467,volvo,xc40,c,d,36500,1930,d,24605,02-2021,65.18883147641638,665,https://prod.pictures.autoscout24.net/listing-images/0a6df381-a8bf-4e42-9798-36057ada6467_31461669-6150-4b86-8fe8-f9b29ca8892c.jpg/480x360.jpg
ba964719-e535-44e3-8140-d5f142811354,volvo,xc40,c,d,49990,2800,2,18822,08-2021,49.170515286575046,484,https://prod.pictures.autoscout24.net/listing-images/ba964719-e535-44e3-8140-d5f142811354_184bd9b4-40db-4b33-813f-312f238e8330.jpg/480x360.jpg
d6fecd1a-eb82-4972-9b47-7d754936bf64,volvo,xc60,c,d,72399,1930,b,13800,05-2022,65.18883147641638,211,https://prod.pictures.autoscout24.net/listing-images/d6fecd1a-eb82-4972-9b47-7d754936bf64_4f1becac-24e5-4c8c-8e10-7093a018d22f.jpg/480x360.jpg
e00739d6-0e3f-45eb-aa66-b69fdfa730aa,volvo,xc40,c,d,63999,1930,e,10914,01-2022,65.18883147641638,331,https://prod.pictures.autoscout24.net/listing-images/e00739d6-0e3f-45eb-aa66-b69fdfa730aa_32835f38-2c91-4d75-9f04-036c4cd90b0f.jpg/480x360.jpg
9c464062-15a8-472c-9ca3-b82a28b326b9,volvo,xc60,c,d,70900,2800,2,27659,02-2022,49.170515286575046,300,https://prod.pictures.autoscout24.net/listing-images/9c464062-15a8-472c-9ca3-b82a28b326b9_7a243520-984e-454b-9993-1bdb94523e0e.jpg/480x360.jpg
ffcff386-8a7b-4b6c-b36a-480200fec0ed,volvo,xc60,c,d,24900,2800,b,89900,12-2014,49.170515286575046,2919,https://prod.pictures.autoscout24.net/listing-images/ffcff386-8a7b-4b6c-b36a-480200fec0ed_b48a1c06-9b10-4060-a371-5b8558243103.jpg/480x360.jpg
b273e7bd-36dd-4a32-b374-c0daa9396573,volvo,xc60,c,d,38999,1930,b,69526,07-2020,65.18883147641638,880,https://prod.pictures.autoscout24.net/listing-images/b273e7bd-36dd-4a32-b374-c0daa9396573_045417d2-ddba-4b77-87d0-cf3dd13d02ca.jpg/480x360.jpg
cf612faf-2850-44b1-a3ff-5283019414b8,volvo,xc90,c,d,76800,2800,2,15390,09-2021,49.170515286575046,453,
e3557090-d217-449f-979c-f9bdb3c40d13,volvo,xc60,c,d,53500,1930,3,2501,02-2022,65.18883147641638,300,https://prod.pictures.autoscout24.net/listing-images/e3557090-d217-449f-979c-f9bdb3c40d13_2cc81a08-f557-4c40-8319-2eef70276939.jpg/480x360.jpg
5d1142a0-b25a-4ed0-8338-6d9e4bbc6b57,volvo,xc90,c,d,67499,1930,3,53641,02-2021,65.18883147641638,665,https://prod.pictures.autoscout24.net/listing-images/5d1142a0-b25a-4ed0-8338-6d9e4bbc6b57_b68a884d-b12a-40db-adc9-da69fe0f6649.jpg/480x360.jpg
a889705f-748c-443b-98bb-2d19f5f01daf,volvo,xc90,c,d,67499,1930,3,59642,01-2021,65.18883147641638,696,https://prod.pictures.autoscout24.net/listing-images/a889705f-748c-443b-98bb-2d19f5f01daf_986f1146-1121-4b1e-b221-4427cad388af.jpg/480x360.jpg
d29bf7d6-a948-47ad-8f87-65243731a98f,volvo,xc60,c,d,14450,9140,d,115000,07-2013,42.211874657394915,3437,https://prod.pictures.autoscout24.net/listing-images/d29bf7d6-a948-47ad-8f87-65243731a98f_35197cdb-0ef1-4261-a2c5-e265283ab48c.jpg/480x360.jpg
59809956-8d7d-4b37-ab13-6c505dbee361,volvo,xc60,c,d,11495,8000,d,129460,04-2010,90.37195651627515,4624,https://prod.pictures.autoscout24.net/listing-images/59809956-8d7d-4b37-ab13-6c505dbee361_14a480b1-d8e5-4076-ab40-7e983daa7157.jpg/480x360.jpg
2904831a-e7cf-4193-9b3a-026d569557c5,volvo,xc60,c,d,43990,7000,2,29782,01-2018,118.39471915054493,1792,https://prod.pictures.autoscout24.net/listing-images/2904831a-e7cf-4193-9b3a-026d569557c5_4d77fa04-9c32-416d-b622-2ff3b761be64.jpg/480x360.jpg
e6ce8d35-868b-451b-a99d-71eac5f2d8f3,volvo,v90,c,p,29835,8900,d,115000,03-2017,132.89189018035066,2098,https://prod.pictures.autoscout24.net/listing-images/e6ce8d35-868b-451b-a99d-71eac5f2d8f3_39d15752-8651-49b0-8cea-e38f7de28c80.jpg/480x360.jpg
a7be391e-1636-4715-a31e-93564c903e36,volvo,s60,c,d,15900,1840,d,88832,09-2017,54.29299877782283,1914,https://prod.pictures.autoscout24.net/listing-images/a7be391e-1636-4715-a31e-93564c903e36_d16020ad-d9bb-46ac-b706-45cce2ab3381.jpg/480x360.jpg
0dda472b-b90c-433e-b8d1-6019243a1756,volvo,xc60,c,d,20999,9400,d,94091,01-2017,81.6799978132908,2157,https://prod.pictures.autoscout24.net/listing-images/0dda472b-b90c-433e-b8d1-6019243a1756_0d8f38a0-4f62-4360-bb7c-ff882426e4e3.jpg/480x360.jpg
41a6c95a-ac85-4a52-9f3b-d8f339e53339,volvo,xc40,c,d,35250,8800,b,8705,05-2022,107.24415982689398,211,https://prod.pictures.autoscout24.net/listing-images/41a6c95a-ac85-4a52-9f3b-d8f339e53339_f123219c-092e-477f-92b4-4e3128fce35a.jpg/480x360.jpg
69e04a17-19af-4e49-8e38-7b5bbc83490b,volvo,xc40,c,d,47950,8800,2,10732,03-2021,107.24415982689398,637,https://prod.pictures.autoscout24.net/listing-images/69e04a17-19af-4e49-8e38-7b5bbc83490b_0746ddce-f27c-4881-90d2-d36d60b1f856.jpg/480x360.jpg
14474990-c27a-4074-ac1e-e47d8e7d8740,volvo,v90 cross country,c,p,29900,3370,d,128500,08-2018,76.45951297892199,1580,https://prod.pictures.autoscout24.net/listing-images/14474990-c27a-4074-ac1e-e47d8e7d8740_498947c5-335b-4b11-8202-a329c74ad930.jpg/480x360.jpg
dcec1787-9281-453b-b67f-0c04a838aeee,volvo,xc60,c,d,37950,8210,b,42130,05-2019,99.33164828760937,1307,https://prod.pictures.autoscout24.net/listing-images/dcec1787-9281-453b-b67f-0c04a838aeee_8c21220d-f9b8-4a5f-8a3d-9223ce30cbb1.jpg/480x360.jpg
83666adf-46d3-4a87-9406-4aa59e606283,volvo,xc60,c,d,20490,1785,d,144000,09-2016,62.024853812453884,2279,https://prod.pictures.autoscout24.net/listing-images/83666adf-46d3-4a87-9406-4aa59e606283_c899303f-4b9c-4d71-adae-6c35bc6d95eb.jpg/480x360.jpg
3b97c57a-084d-4177-9645-202bf3a1f2b8,volvo,v40,c,d,12350,8680,d,119060,10-2017,112.18097417678707,1884,https://prod.pictures.autoscout24.net/listing-images/3b97c57a-084d-4177-9645-202bf3a1f2b8_bdca5b38-771b-4f68-9bb4-7ad5cd7733a2.jpg/480x360.jpg
5b96467d-649c-46d9-b6c5-fe35b301a42e,volvo,xc60,c,d,68990,2440,2,1872,12-2021,49.365434961335374,362,https://prod.pictures.autoscout24.net/listing-images/5b96467d-649c-46d9-b6c5-fe35b301a42e_708f46ff-94cd-4dc2-bc2d-e62663ba2c25.jpg/480x360.jpg
20e0ea6b-915a-4b45-bd28-da3d3639839d,volvo,v40,c,d,15750,8800,d,95205,11-2017,107.24415982689398,1853,https://prod.pictures.autoscout24.net/listing-images/20e0ea6b-915a-4b45-bd28-da3d3639839d_64b7acc5-aa6c-41cd-9256-18b83ad4d60f.jpg/480x360.jpg
ed261792-dd7b-4143-83fa-a5d9e8c307c5,volvo,xc60,c,d,35450,8800,d,47700,05-2018,107.24415982689398,1672,https://prod.pictures.autoscout24.net/listing-images/ed261792-dd7b-4143-83fa-a5d9e8c307c5_3cebe261-2a7f-4f20-9dd2-45254c0b81b3.jpg/480x360.jpg
07e27b79-f81f-4e7a-b78d-be3bf4d75bd9,volvo,xc60,c,d,19450,9400,d,115841,01-2015,81.6799978132908,2888,https://prod.pictures.autoscout24.net/listing-images/07e27b79-f81f-4e7a-b78d-be3bf4d75bd9_b2a72519-e3af-4d79-a1f1-3aa9f530358f.jpg/480x360.jpg
4b0230b8-bf6c-4ad9-82fc-caa20f10a184,volvo,v90,c,d,68950,8800,2,5276,11-2021,107.24415982689398,392,https://prod.pictures.autoscout24.net/listing-images/4b0230b8-bf6c-4ad9-82fc-caa20f10a184_ff149555-36e1-4900-8d9d-677fb1ffc122.jpg/480x360.jpg
2339aa16-a4fb-40f2-9e49-0a50d4bebd2c,volvo,s60,c,d,47500,2200,2,5694,08-2022,44.17776031794284,119,https://prod.pictures.autoscout24.net/listing-images/2339aa16-a4fb-40f2-9e49-0a50d4bebd2c_cf8d9882-9528-4db0-b107-d48f0d7fd946.jpg/480x360.jpg
13b0569b-482d-4ec3-bd44-ccaff527df1b,volvo,v60,c,d,15999,9400,d,126721,02-2015,81.6799978132908,2857,https://prod.pictures.autoscout24.net/listing-images/13b0569b-482d-4ec3-bd44-ccaff527df1b_c0372493-3251-4907-805a-8e6a2b5deb14.jpg/480x360.jpg
f46a2aa7-96a8-41f7-be60-a029377343a9,volvo,v40 cross country,c,d,14900,1840,d,75417,08-2016,54.29299877782283,2310,https://prod.pictures.autoscout24.net/listing-images/f46a2aa7-96a8-41f7-be60-a029377343a9_52079643-ea0e-4a41-bb7a-bb0062d6b64b.jpg/480x360.jpg
ca73d774-2dbf-4b9c-908c-9754f1c5d005,volvo,s90,c,d,62490,9120,2,21000,05-2021,31.412557196808976,576,https://prod.pictures.autoscout24.net/listing-images/ca73d774-2dbf-4b9c-908c-9754f1c5d005_d106dc65-619b-4ded-a52c-8c7e0de34581.jpg/480x360.jpg
b7b03a92-a4e5-491a-973e-799e17581fd3,volvo,s90,c,d,46900,2200,b,41885,04-2019,44.17776031794284,1337,https://prod.pictures.autoscout24.net/listing-images/b7b03a92-a4e5-491a-973e-799e17581fd3_8e65c9c5-9bb3-4a8d-96e5-e14036a2c340.jpg/480x360.jpg
225f47e6-d883-4c84-ae16-e049a8725590,volvo,v60,c,d,17999,9400,d,108995,10-2016,81.6799978132908,2249,https://prod.pictures.autoscout24.net/listing-images/225f47e6-d883-4c84-ae16-e049a8725590_18860f76-eb08-4fba-a5f0-83303031e49a.jpg/480x360.jpg
ce184fe5-66cc-4c77-8bba-47021ee177ef,volvo,xc60,c,d,43950,8200,2,110125,12-2017,93.81651363169982,1823,https://prod.pictures.autoscout24.net/listing-images/ce184fe5-66cc-4c77-8bba-47021ee177ef_64d055ea-61f7-4ce5-b1c9-460030ea37e4.jpg/480x360.jpg
ba717897-62ff-455b-92a9-9fc15a15fc6e,volvo,s60,c,d,22490,9120,d,58150,01-2018,31.412557196808976,1792,https://prod.pictures.autoscout24.net/listing-images/ba717897-62ff-455b-92a9-9fc15a15fc6e_1e7ad6df-4553-4b4c-b753-2ab2c600a98f.jpg/480x360.jpg
225d37aa-9e7a-4c8b-a877-1ce3a73beb95,volvo,xc60,c,d,19999,9400,d,106318,10-2014,81.6799978132908,2980,https://prod.pictures.autoscout24.net/listing-images/225d37aa-9e7a-4c8b-a877-1ce3a73beb95_040cbafa-3a37-4c77-a70c-946c3e2153cc.jpg/480x360.jpg
15995ab5-db86-4c7a-b5c4-64ab77cb15f5,volvo,v40,c,d,15490,8800,d,75760,10-2017,107.24415982689398,1884,https://prod.pictures.autoscout24.net/listing-images/15995ab5-db86-4c7a-b5c4-64ab77cb15f5_8f7e767a-db7a-489a-b590-3562fa153aa3.jpg/480x360.jpg
1485d6d2-5d22-454f-aca9-8dac453451fe,volvo,s60,c,d,39990,2830,b,15278,12-2020,45.04397020411872,727,https://prod.pictures.autoscout24.net/listing-images/1485d6d2-5d22-454f-aca9-8dac453451fe_660526a8-2188-40fc-a7d1-7166adab4cbf.png/480x360.jpg
c1c91b5e-9864-44bc-ab8e-7420d52344ae,volvo,s90,c,d,29900,8200,d,93338,02-2017,93.81651363169982,2126,https://prod.pictures.autoscout24.net/listing-images/c1c91b5e-9864-44bc-ab8e-7420d52344ae_ecfca079-ec13-4062-b4d7-5e3bf3b239b9.jpg/480x360.jpg
4047192b-d08e-4f31-9af2-28123c92b2bc,volvo,xc40,c,d,47500,8200,2,20815,12-2020,93.81651363169982,727,https://prod.pictures.autoscout24.net/listing-images/4047192b-d08e-4f31-9af2-28123c92b2bc_773b1360-0ca1-4e41-ac15-a2ac2fbe4adf.jpg/480x360.jpg
217f4a0b-be3e-4124-8be1-5f8536e18070,volvo,s60,c,d,39990,2830,b,10197,12-2020,45.04397020411872,727,https://prod.pictures.autoscout24.net/listing-images/217f4a0b-be3e-4124-8be1-5f8536e18070_5d17970b-9916-4165-bfe2-208a9ad7ca55.png/480x360.jpg
075bc7ff-8273-4980-ba99-33931a79ef52,volvo,xc60,c,d,19450,9400,d,114810,01-2017,81.6799978132908,2157,https://prod.pictures.autoscout24.net/listing-images/075bc7ff-8273-4980-ba99-33931a79ef52_27cee60d-dff0-4bdb-bb43-04d6645332c8.jpg/480x360.jpg
c4634f10-7605-462f-bcba-62f7b8f5c808,volvo,s90,c,d,26500,8400,d,96000,03-2017,110.03239888716801,2098,https://prod.pictures.autoscout24.net/listing-images/c4634f10-7605-462f-bcba-62f7b8f5c808_9975e691-9127-4c64-8951-76fb5ee157ee.jpg/480x360.jpg
74e8340d-de8a-4189-9f7c-9081dcf46e94,volvo,xc90,c,d,80950,8700,d,7532,01-2022,90.43310642675891,331,https://prod.pictures.autoscout24.net/listing-images/74e8340d-de8a-4189-9f7c-9081dcf46e94_ca185e65-9bae-4e8f-86e2-e004479cacd5.jpg/480x360.jpg
2431abc9-d672-4592-ad95-78bba6c82615,volvo,v60,c,d,18750,9400,d,58536,01-2018,81.6799978132908,1792,https://prod.pictures.autoscout24.net/listing-images/2431abc9-d672-4592-ad95-78bba6c82615_9093c7c2-7b40-4ab1-bb57-6696a9843018.jpg/480x360.jpg
e3c9dc66-75dd-4e49-8694-fc9f4ccd7073,volvo,xc60,c,d,21950,9400,d,119266,02-2016,81.6799978132908,2492,https://prod.pictures.autoscout24.net/listing-images/e3c9dc66-75dd-4e49-8694-fc9f4ccd7073_894b8fd9-c1f2-4544-be7f-4f0950dfaa7d.jpg/480x360.jpg
92954609-82d8-4ece-9cd4-d36c52c02ac3,volvo,v60,c,d,59500,2200,2,14779,01-2022,44.17776031794284,331,https://prod.pictures.autoscout24.net/listing-images/92954609-82d8-4ece-9cd4-d36c52c02ac3_28933258-57b7-43bd-8b1d-0b3874b06f36.jpg/480x360.jpg
33f432d1-dff6-41d8-9985-c951f726cdda,volvo,xc90,c,p,53000,1190,d,66000,06-2020,73.06612059240499,910,https://prod.pictures.autoscout24.net/listing-images/33f432d1-dff6-41d8-9985-c951f726cdda_01f29bc5-bbd4-4f7c-a585-3696bda01e0c.jpg/480x360.jpg
bca63b02-1160-46c3-9f20-ce32af9bb5d8,volvo,v60,c,d,56450,8200,2,36403,03-2021,93.81651363169982,637,https://prod.pictures.autoscout24.net/listing-images/bca63b02-1160-46c3-9f20-ce32af9bb5d8_d10032ec-d159-431c-9246-ecc65c6718e6.jpg/480x360.jpg
a0bb66c7-3c3d-486b-9364-7fee9b5007d0,volvo,xc60,c,d,49900,4000,3,6223,05-2022,118.53949006185148,211,https://prod.pictures.autoscout24.net/listing-images/a0bb66c7-3c3d-486b-9364-7fee9b5007d0_d5dc4a4b-40b2-44f3-af93-3f4ab5bfbece.jpg/480x360.jpg
8dea033a-a16a-463b-813d-874cc74f1dd5,volvo,xc60,c,d,38500,8800,b,52000,02-2019,107.24415982689398,1396,https://prod.pictures.autoscout24.net/listing-images/8dea033a-a16a-463b-813d-874cc74f1dd5_152b767f-7ff0-43a0-afcf-46ed4fb2534b.jpg/480x360.jpg
f16da41b-e1a7-4f11-b3c5-f2c5b3caa00f,volvo,v90,c,d,35980,8800,d,59580,07-2018,107.24415982689398,1611,https://prod.pictures.autoscout24.net/listing-images/f16da41b-e1a7-4f11-b3c5-f2c5b3caa00f_5ef45d19-815e-408a-a575-bf58f31f4ee0.jpg/480x360.jpg
65094368-7c4e-45db-82b9-6ab82e5e4f2c,volvo,xc90,c,d,67250,8630,b,5000,12-2021,133.10832564444777,362,https://prod.pictures.autoscout24.net/listing-images/65094368-7c4e-45db-82b9-6ab82e5e4f2c_8eddd68f-0e3f-4cf1-9022-04934a044ace.jpg/480x360.jpg
cb2d1c13-4503-41d5-ac4e-35420a47c6b7,volvo,xc90,c,d,58950,8800,d,83117,01-2020,107.24415982689398,1062,https://prod.pictures.autoscout24.net/listing-images/cb2d1c13-4503-41d5-ac4e-35420a47c6b7_6232fb04-ed77-4354-9743-a8c45d4c6aad.jpg/480x360.jpg
9c640f2a-fe2e-4017-8b7a-123383c0d4c0,volvo,s60,c,d,47990,9120,2,10500,12-2021,31.412557196808976,362,https://prod.pictures.autoscout24.net/listing-images/9c640f2a-fe2e-4017-8b7a-123383c0d4c0_d27e2db4-53d2-441f-a51c-a7610e52ff47.jpg/480x360.jpg
74683df8-fcec-4595-8d6c-a0a389ce2528,volvo,v90,c,d,33750,8800,d,76839,06-2019,107.24415982689398,1276,https://prod.pictures.autoscout24.net/listing-images/74683df8-fcec-4595-8d6c-a0a389ce2528_88fe2b39-534a-4d1e-a1cc-f42bf0aab752.jpg/480x360.jpg
7dbc7d7f-8838-4be5-a638-0414bd163a02,volvo,xc60,c,d,26000,8200,d,111500,01-2017,93.81651363169982,2157,https://prod.pictures.autoscout24.net/listing-images/7dbc7d7f-8838-4be5-a638-0414bd163a02_02ecbabf-6af2-4f45-8e80-77c9ac62d27e.jpg/480x360.jpg
7837ac14-5406-4876-8390-d1d424ed30c4,volvo,xc60,c,d,20990,2830,d,91071,11-2016,45.04397020411872,2218,https://prod.pictures.autoscout24.net/listing-images/7837ac14-5406-4876-8390-d1d424ed30c4_dbae0b6d-6fda-4edf-8a86-2a670624cbbb.jpg/480x360.jpg
ad9e81d6-1d4e-4580-b455-86944cee15b4,volvo,v70,c,p,13000,7641,d,223000,02-2016,124.66198527806658,2492,https://prod.pictures.autoscout24.net/listing-images/ad9e81d6-1d4e-4580-b455-86944cee15b4_9689e81b-34fa-48bc-b81d-1476dde4aac0.jpg/480x360.jpg
ccf6b319-04a5-4c25-9724-be025953c3ea,volvo,xc40,c,d,32700,8800,b,72024,10-2019,107.24415982689398,1154,https://prod.pictures.autoscout24.net/listing-images/ccf6b319-04a5-4c25-9724-be025953c3ea_01e51dc6-698e-4bda-9799-b4ea5b54ab46.jpg/480x360.jpg
8eed4383-1bc0-40cd-a564-162c85f12a81,volvo,xc90,c,d,67250,8610,d,6350,12-2021,114.33371950925998,362,https://prod.pictures.autoscout24.net/listing-images/8eed4383-1bc0-40cd-a564-162c85f12a81_9208a8e1-1c53-46d1-bc13-e8cc3577fdcb.jpg/480x360.jpg
b72903a7-5431-45f2-a198-d0547ce6b421,volvo,xc90,c,d,79900,8200,d,29988,08-2021,93.81651363169982,484,https://prod.pictures.autoscout24.net/listing-images/b72903a7-5431-45f2-a198-d0547ce6b421_a2204c3f-afa8-4d33-ab3c-07b0c4d5d063.jpg/480x360.jpg
d5496bed-4eb6-4113-8fb0-0975d84e0276,volvo,xc60,c,d,24750,2170,d,79369,02-2017,24.69103588100009,2126,https://prod.pictures.autoscout24.net/listing-images/d5496bed-4eb6-4113-8fb0-0975d84e0276_563707ad-d4cc-451b-a230-796a7cb5b457.jpg/480x360.jpg
4846b21c-428f-4f9f-b46a-d3830577955d,volvo,xc60,c,d,23900,9050,d,104582,08-2017,69.04356445356942,1945,https://prod.pictures.autoscout24.net/listing-images/4846b21c-428f-4f9f-b46a-d3830577955d_7c1d051a-af67-4a55-947f-0af123516d69.jpg/480x360.jpg
5729610c-ba17-4dd1-9f51-b9d9772382be,volvo,s90,c,d,37800,2200,d,24160,06-2019,44.17776031794284,1276,https://prod.pictures.autoscout24.net/listing-images/5729610c-ba17-4dd1-9f51-b9d9772382be_b42ee40d-6624-41e2-8fb9-e5e238e87eff.jpg/480x360.jpg
dc82d11e-5af9-416a-a315-c0c32fb8ceca,volvo,xc90,c,d,69950,8200,d,19030,03-2021,93.81651363169982,637,https://prod.pictures.autoscout24.net/listing-images/dc82d11e-5af9-416a-a315-c0c32fb8ceca_eb3eb972-d03f-4c6a-9030-2beefc0dde4b.jpg/480x360.jpg
96414c7e-6bcd-4c6d-a17d-19c7dd2533d2,volvo,xc60,c,d,50450,8800,d,14643,05-2022,107.24415982689398,211,https://prod.pictures.autoscout24.net/listing-images/96414c7e-6bcd-4c6d-a17d-19c7dd2533d2_f54758be-e583-4c4b-9f24-0c4571fa624b.jpg/480x360.jpg
ea6a2827-53a2-4eba-a6ef-56139ee0898b,volvo,v90,c,d,62990,2830,2,3624,11-2021,45.04397020411872,392,https://prod.pictures.autoscout24.net/listing-images/ea6a2827-53a2-4eba-a6ef-56139ee0898b_23dc6f31-df9c-4995-ad4f-77a82c61acb5.jpg/480x360.jpg
2e1a2973-7a0c-4455-94b1-64a85c9f7a79,volvo,v40,c,d,11490,9940,d,103552,06-2014,62.66558746753047,3102,https://prod.pictures.autoscout24.net/listing-images/2e1a2973-7a0c-4455-94b1-64a85c9f7a79_2abdb6a6-1ae6-450b-ba38-c630229ccb5b.jpg/480x360.jpg
73dac5fc-78b8-43bc-8ead-3dbbed55789c,volvo,v90,c,d,30490,8800,d,34685,02-2018,107.24415982689398,1761,https://prod.pictures.autoscout24.net/listing-images/73dac5fc-78b8-43bc-8ead-3dbbed55789c_7700152b-02ff-4e80-b0aa-c40103186d1d.jpg/480x360.jpg
c9f510a7-d9bd-49d9-9e20-759dd87d3c6a,volvo,xc60,c,d,53900,4530,3,2218,03-2022,111.99734570714251,272,https://prod.pictures.autoscout24.net/listing-images/c9f510a7-d9bd-49d9-9e20-759dd87d3c6a_d386b183-0523-46e2-80b6-826b9e2a3476.jpg/480x360.jpg
41178485-235f-4eab-ae12-d6bf7bb97595,volvo,xc40,c,d,50750,9050,2,5600,03-2022,69.04356445356942,272,https://prod.pictures.autoscout24.net/listing-images/41178485-235f-4eab-ae12-d6bf7bb97595_0079d336-0944-426f-a2d3-a75c8783d90f.jpg/480x360.jpg
07eb71ae-e0ed-4741-82e5-2bef6563f6b3,volvo,v90,c,d,29990,2830,d,67984,10-2018,45.04397020411872,1519,https://prod.pictures.autoscout24.net/listing-images/07eb71ae-e0ed-4741-82e5-2bef6563f6b3_e7f7156b-a20e-471e-8887-0c4be43812be.jpg/480x360.jpg
9bc28961-9dc5-4780-a6ca-dfcbe5573e8c,volvo,v90,c,d,63750,9120,2,9000,11-2021,31.412557196808976,392,https://prod.pictures.autoscout24.net/listing-images/9bc28961-9dc5-4780-a6ca-dfcbe5573e8c_05ef186a-fcf5-44d0-a600-6ce4937c8c54.jpg/480x360.jpg
dbfa94c7-8eae-4d90-b37a-d10822060f88,volvo,v50,c,d,12800,3500,b,86859,07-2010,86.84432103923942,4533,https://prod.pictures.autoscout24.net/listing-images/dbfa94c7-8eae-4d90-b37a-d10822060f88_33980830-ae27-4652-aa53-0ea186d87394.jpg/480x360.jpg
90e3645a-6374-48b2-9465-5e2cab34f6f8,volvo,xc40,c,d,52999,3500,2,16866,02-2021,86.84432103923942,665,https://prod.pictures.autoscout24.net/listing-images/90e3645a-6374-48b2-9465-5e2cab34f6f8_18620375-bc7a-410e-9571-85820bd0eae9.jpg/480x360.jpg
982e37f7-d6a0-45da-867a-7f27df4440e2,volvo,xc60,c,d,69990,9120,2,30500,12-2021,31.412557196808976,362,https://prod.pictures.autoscout24.net/listing-images/982e37f7-d6a0-45da-867a-7f27df4440e2_a3338619-03e5-4b15-80df-d5d6b6790d7e.jpg/480x360.jpg
32096087-a263-4859-b864-f1af49208a5c,volvo,xc90,c,d,43950,2500,d,94775,01-2019,38.36429357421789,1427,https://prod.pictures.autoscout24.net/listing-images/32096087-a263-4859-b864-f1af49208a5c_a84d6f95-2290-4700-8330-68f115fb4fec.jpg/480x360.jpg
d47f1cc7-93be-4701-84d7-ef34e9d8da32,volvo,v60,c,d,52990,9120,2,27500,07-2020,31.412557196808976,880,https://prod.pictures.autoscout24.net/listing-images/d47f1cc7-93be-4701-84d7-ef34e9d8da32_af3ffc89-f2e6-4151-8917-f0eb803ae92a.jpg/480x360.jpg
71e78cf3-1fb4-4e56-8447-716d47f1f582,volvo,xc40,c,d,29950,8630,d,92000,06-2018,133.10832564444777,1641,https://prod.pictures.autoscout24.net/listing-images/71e78cf3-1fb4-4e56-8447-716d47f1f582_737acf40-b172-4ea3-8fa4-08187859faa0.jpg/480x360.jpg
ce54dd84-1243-49ca-85ff-40d3eaea3149,volvo,xc40,c,d,39750,9120,b,12500,12-2021,31.412557196808976,362,https://prod.pictures.autoscout24.net/listing-images/ce54dd84-1243-49ca-85ff-40d3eaea3149_7a59f425-61e9-4924-a88c-ebc6442d7dc7.jpg/480x360.jpg
5e5aa146-d9ef-46a6-a34d-3eb7d1eb2a26,volvo,xc40,c,d,54999,3500,2,22204,11-2021,86.84432103923942,392,https://prod.pictures.autoscout24.net/listing-images/5e5aa146-d9ef-46a6-a34d-3eb7d1eb2a26_5818a74a-cc80-4527-9c93-b97e083b5540.jpg/480x360.jpg
354db9b7-d9cb-421c-b90a-fe3e693b6fc2,volvo,v60,c,d,42900,2200,d,6050,09-2020,44.17776031794284,818,https://prod.pictures.autoscout24.net/listing-images/354db9b7-d9cb-421c-b90a-fe3e693b6fc2_6fa81e65-7b83-4616-b9a0-59e700a209e9.jpg/480x360.jpg
71d453d5-a8f8-420d-b9cb-945197e6348c,volvo,xc40,c,p,39950,1070,b,25000,06-2020,71.06367211068877,910,https://prod.pictures.autoscout24.net/listing-images/71d453d5-a8f8-420d-b9cb-945197e6348c_5833bc73-e7e2-4346-aadc-8e6f72809fe3.jpg/480x360.jpg
027b100c-6431-474b-89c5-68cdd2026dfa,volvo,xc90,c,d,49250,8630,d,73450,11-2018,133.10832564444777,1488,https://prod.pictures.autoscout24.net/listing-images/027b100c-6431-474b-89c5-68cdd2026dfa_e5b92a11-ee6a-40c1-8cf3-b1dbcfd1357a.jpg/480x360.jpg
ddb260bd-5b8e-4e04-870e-e740f1bc05d2,volvo,xc40,c,d,49850,8630,2,8575,05-2020,133.10832564444777,941,https://prod.pictures.autoscout24.net/listing-images/ddb260bd-5b8e-4e04-870e-e740f1bc05d2_331687ef-f317-47ad-a452-ab0ade869126.jpg/480x360.jpg
7890cb44-fc6e-43fc-8768-c7a853abb192,volvo,xc60,c,d,55900,9120,2,9998,11-2021,31.412557196808976,392,https://prod.pictures.autoscout24.net/listing-images/7890cb44-fc6e-43fc-8768-c7a853abb192_bbd6a35c-00c1-4452-a7de-f4640171081b.jpg/480x360.jpg
0ed98a4a-edf3-4666-8611-16c61e83b7ca,volvo,v60,c,d,32750,8800,d,120000,07-2019,107.24415982689398,1246,https://prod.pictures.autoscout24.net/listing-images/0ed98a4a-edf3-4666-8611-16c61e83b7ca_228c1cee-531a-4db0-b142-afb54b79bfad.jpg/480x360.jpg
d7cc0360-8ac6-4de9-bfff-46eb2852b1cb,volvo,xc60,c,d,27900,8200,d,126380,03-2017,93.81651363169982,2098,https://prod.pictures.autoscout24.net/listing-images/d7cc0360-8ac6-4de9-bfff-46eb2852b1cb_61ff7d90-4753-4dda-9ec9-bb7983b0f171.jpg/480x360.jpg
2e0c1340-594f-49c6-acce-655bbbc6ff16,volvo,xc60,c,d,34950,8200,d,66859,06-2019,93.81651363169982,1276,https://prod.pictures.autoscout24.net/listing-images/2e0c1340-594f-49c6-acce-655bbbc6ff16_bc3c4757-00c3-4659-a806-e1d76a0e07ce.jpg/480x360.jpg
dab3d60f-57b7-43de-b3b5-05bac64bbf6e,volvo,xc90,c,d,54750,9120,d,44625,07-2019,31.412557196808976,1246,https://prod.pictures.autoscout24.net/listing-images/dab3d60f-57b7-43de-b3b5-05bac64bbf6e_fbf166b5-f675-437e-af01-938e90ec62bd.jpg/480x360.jpg
cb3dcd35-e733-4ef1-a3c2-02cfd831064b,volvo,v90 cross country,c,p,28000,7090,d,117000,10-2017,96.30849119801513,1884,https://prod.pictures.autoscout24.net/listing-images/cb3dcd35-e733-4ef1-a3c2-02cfd831064b_0d95d187-c1ca-4f59-9219-c918cad59ed7.jpg/480x360.jpg
4377f2df-890b-49b8-b056-16d468812eb9,volvo,v40,c,d,14500,8400,d,117000,02-2017,110.03239888716801,2126,https://prod.pictures.autoscout24.net/listing-images/4377f2df-890b-49b8-b056-16d468812eb9_020da973-c079-4fe0-98a3-49ea14de20bc.jpg/480x360.jpg
34ce8970-711a-4400-9dc6-bc47c989d0ec,volvo,v90,c,d,45900,9050,2,70000,02-2019,69.04356445356942,1396,https://prod.pictures.autoscout24.net/listing-images/34ce8970-711a-4400-9dc6-bc47c989d0ec_5d40ce15-bbd7-4e74-bb14-18927c39bc10.jpg/480x360.jpg
311467c7-9229-4635-add5-13dddb829ad3,volvo,s60,c,d,19250,8630,d,79600,08-2017,133.10832564444777,1945,https://prod.pictures.autoscout24.net/listing-images/311467c7-9229-4635-add5-13dddb829ad3_9a45ea47-b72b-43df-89fa-f6e2450cbe5c.jpg/480x360.jpg
d4283931-ac47-4450-b665-b985cb1e82bf,volvo,v60,c,d,16950,8800,d,128710,06-2016,107.24415982689398,2371,https://prod.pictures.autoscout24.net/listing-images/d4283931-ac47-4450-b665-b985cb1e82bf_08ffcd6b-6fa5-4df8-b676-1674e63f9c76.jpg/480x360.jpg
0a2ab937-4d44-4ddd-9233-bdbd6d6e75d8,volvo,v40,c,d,14800,3500,d,113115,12-2014,86.84432103923942,2919,https://prod.pictures.autoscout24.net/listing-images/0a2ab937-4d44-4ddd-9233-bdbd6d6e75d8_1e1833cb-4783-44e4-b74e-2a9648490f7c.jpg/480x360.jpg
7aa327fc-f51a-4ecb-8c9e-f5c9c0944c96,volvo,xc60,c,d,50450,8630,d,9331,05-2022,133.10832564444777,211,https://prod.pictures.autoscout24.net/listing-images/7aa327fc-f51a-4ecb-8c9e-f5c9c0944c96_f8d8cdba-b1c6-478d-bb6b-7dd19a2b2a2c.jpg/480x360.jpg
53dd1bb4-9caa-4d7f-b15c-f34955aea87c,volvo,xc40,c,d,27490,2830,d,86609,02-2019,45.04397020411872,1396,https://prod.pictures.autoscout24.net/listing-images/53dd1bb4-9caa-4d7f-b15c-f34955aea87c_7e611ead-d445-42eb-9986-eb23262117e5.jpg/480x360.jpg
f155e559-1308-4cbe-b806-36aa8e145040,volvo,v60,c,d,44950,8700,b,34060,12-2020,90.43310642675891,727,https://prod.pictures.autoscout24.net/listing-images/f155e559-1308-4cbe-b806-36aa8e145040_502bbc94-21a2-4b4d-8a6c-0ea32f9a6845.jpg/480x360.jpg
a45509eb-0a1b-478c-91d8-60d44c6595d4,volvo,xc60,c,d,37299,3500,d,138563,09-2018,86.84432103923942,1549,https://prod.pictures.autoscout24.net/listing-images/a45509eb-0a1b-478c-91d8-60d44c6595d4_253a1af5-ce65-469b-9f75-5c9db34ebc7d.jpg/480x360.jpg
363163f4-1b01-4dab-861d-4a2a3b85491e,volvo,xc40,c,d,32200,9800,b,22521,09-2021,85.43781742981923,453,https://prod.pictures.autoscout24.net/listing-images/363163f4-1b01-4dab-861d-4a2a3b85491e_e6de143f-3b32-40b0-b7b4-4973995c0dc6.jpg/480x360.jpg
825a7e13-6378-41ef-9505-4ef723d407ac,volvo,xc40,c,d,50999,3500,2,30394,11-2021,86.84432103923942,392,https://prod.pictures.autoscout24.net/listing-images/825a7e13-6378-41ef-9505-4ef723d407ac_9ba572c2-735d-441e-8035-ab5f83356fa0.jpg/480x360.jpg
8f2471ab-8b22-43d5-b72d-5be13315d8ca,volvo,v50,c,p,11800,1150,d,71000,06-2012,68.48425146100755,3832,https://prod.pictures.autoscout24.net/listing-images/8f2471ab-8b22-43d5-b72d-5be13315d8ca_292ae1fc-354f-454e-90e8-99da9f677214.jpg/480x360.jpg
5253840b-4a58-4b02-9bcb-14293fcbab34,volvo,xc90,c,p,38500,9112,d,83838,01-2017,45.536230472194035,2157,https://prod.pictures.autoscout24.net/listing-images/5253840b-4a58-4b02-9bcb-14293fcbab34_6bf73e5a-1714-4a98-bd5a-eb7f86dbf775.jpg/480x360.jpg
5cd531a8-9bc8-4bf3-8daf-3d6e939b9145,volvo,c30,c,d,3950,3090,d,99875,01-2008,77.24958296507762,5445,https://prod.pictures.autoscout24.net/listing-images/5cd531a8-9bc8-4bf3-8daf-3d6e939b9145_487cc367-c89d-499e-85e2-07c710c9b794.jpg/480x360.jpg
6e800b59-91dc-4410-bf10-186ef8f70f20,volvo,xc60,c,p,16000,1090,d,178000,09-2015,66.80320352454842,2645,https://prod.pictures.autoscout24.net/listing-images/6e800b59-91dc-4410-bf10-186ef8f70f20_83f84b42-9345-420e-97c0-d1935aceed34.jpg/480x360.jpg
d010474d-be3c-42a9-9a6a-241135c86b0a,volvo,s90,c,d,30500,8200,d,75096,09-2018,93.81651363169982,1549,https://prod.pictures.autoscout24.net/listing-images/d010474d-be3c-42a9-9a6a-241135c86b0a_973ac737-c309-4a38-be80-1194e8dcc5cd.jpg/480x360.jpg
77590989-5d13-4819-8e2d-7913ec05289b,volvo,v60,c,d,31700,8630,d,85619,01-2019,133.10832564444777,1427,https://prod.pictures.autoscout24.net/listing-images/77590989-5d13-4819-8e2d-7913ec05289b_dfc64a6d-4a10-4774-84ce-5963f67478ba.jpg/480x360.jpg
5bd74493-0edc-4365-a0a0-73de55834d5b,volvo,s90,c,d,29750,8400,b,89000,09-2018,110.03239888716801,1549,https://prod.pictures.autoscout24.net/listing-images/5bd74493-0edc-4365-a0a0-73de55834d5b_00eb7dfa-09e7-4cb1-a202-a0b33d36418a.jpg/480x360.jpg
68d0e4a1-8e4e-4f94-b16d-bda8d6c45567,volvo,xc60,c,d,59950,8630,2,33186,06-2021,133.10832564444777,545,https://prod.pictures.autoscout24.net/listing-images/68d0e4a1-8e4e-4f94-b16d-bda8d6c45567_c3d836ed-3eb7-4b70-8dcb-c1bee50d8cb5.jpg/480x360.jpg
9f000957-089b-42f0-83a9-a21fa6058f3b,volvo,xc60,c,d,50450,8700,d,6943,05-2022,90.43310642675891,211,https://prod.pictures.autoscout24.net/listing-images/9f000957-089b-42f0-83a9-a21fa6058f3b_24331452-bcf8-40ad-8454-6ca92d8502fb.jpg/480x360.jpg
ae172651-da5b-49d4-84d6-8fd9b104fdd8,volvo,xc90,c,d,87450,8630,2,19266,03-2021,133.10832564444777,637,https://prod.pictures.autoscout24.net/listing-images/ae172651-da5b-49d4-84d6-8fd9b104fdd8_9c9d7f01-2e59-4681-b3d2-cb18856f3a7b.jpg/480x360.jpg
8aa4161b-c01e-48e1-8aef-8425ccddf245,volvo,xc90,c,d,83000,8630,2,18000,08-2021,133.10832564444777,484,https://prod.pictures.autoscout24.net/listing-images/8aa4161b-c01e-48e1-8aef-8425ccddf245_ccf89927-82d1-4c97-a4d7-5081791a7ef5.jpg/480x360.jpg
d3544216-d0d5-4f55-84a3-9d01d4b6cd5f,volvo,xc60,c,d,39250,8630,d,19450,10-2019,133.10832564444777,1154,https://prod.pictures.autoscout24.net/listing-images/d3544216-d0d5-4f55-84a3-9d01d4b6cd5f_04aed777-e4b1-4b1f-a614-9268d297212d.jpg/480x360.jpg
04aac8b2-cefb-4b71-9f17-cb06c80ff3fc,volvo,v60,c,d,34900,9800,2,39310,04-2021,85.43781742981923,606,
0e893a76-d3e4-4185-8e12-15498c16ac4a,volvo,xc40,c,d,30900,8800,d,24943,03-2021,107.24415982689398,637,https://prod.pictures.autoscout24.net/listing-images/0e893a76-d3e4-4185-8e12-15498c16ac4a_a1758090-1900-4f07-808e-c3c4c56616e5.jpg/480x360.jpg
8c2e024d-c97e-4c55-bbf1-e46bfd2ec026,volvo,xc90,c,d,47990,9120,d,74156,04-2018,31.412557196808976,1702,https://prod.pictures.autoscout24.net/listing-images/8c2e024d-c97e-4c55-bbf1-e46bfd2ec026_f852cb62-03cf-49b4-8262-950f6f9312fb.jpg/480x360.jpg
5473eb7f-2483-4ef1-902d-19288de89788,volvo,xc40,c,d,34900,9800,b,41511,01-2021,85.43781742981923,696,
b92c548e-b1e7-456d-aed5-e24052696aed,volvo,xc40,c,d,31900,9800,b,14800,12-2021,85.43781742981923,362,
e719d8c7-e593-4182-9208-3b866d7a6fb2,volvo,xc40,c,d,31900,9800,b,14130,12-2021,85.43781742981923,362,
1ba09cef-bc3e-446f-b320-0ee53399a64d,volvo,xc40,c,d,53250,8400,2,16348,10-2021,110.03239888716801,423,https://prod.pictures.autoscout24.net/listing-images/1ba09cef-bc3e-446f-b320-0ee53399a64d_98092ad9-9508-490a-a43b-b40313c7313f.jpg/480x360.jpg
66e2ff8e-de3e-4e2d-aafa-535a6600408d,volvo,xc90,c,d,84250,8800,2,14500,02-2022,107.24415982689398,300,https://prod.pictures.autoscout24.net/listing-images/66e2ff8e-de3e-4e2d-aafa-535a6600408d_9953ec74-d26c-4902-8a5d-15c891e8a7d5.jpg/480x360.jpg
b2551984-3ee2-4f76-825f-620ec6d46fb7,volvo,xc90,c,p,49000,4802,2,108000,05-2018,139.34083646414916,1672,https://prod.pictures.autoscout24.net/listing-images/b2551984-3ee2-4f76-825f-620ec6d46fb7_08794feb-4b1b-4a45-b013-defa79f4a665.jpg/480x360.jpg
2c16b738-1301-4b0d-b30c-8d8427772c2b,volvo,v40,c,p,16999,1070,d,32500,03-2018,71.06367211068877,1733,https://prod.pictures.autoscout24.net/listing-images/2c16b738-1301-4b0d-b30c-8d8427772c2b_8fb8d9f9-96fd-4e99-bc4c-78220b8f7851.jpg/480x360.jpg
39f11e09-71fe-4da1-8fb9-30898424cd78,volvo,xc60,c,p,16950,1630,d,129000,01-2016,78.39179014572085,2523,https://prod.pictures.autoscout24.net/listing-images/39f11e09-71fe-4da1-8fb9-30898424cd78_95eb25e5-4280-4c96-b960-057054dee10a.jpg/480x360.jpg
29517f89-c311-420e-8371-b36c9548bcab,volvo,xc90,c,p,39500,1150,d,118000,06-2018,68.48425146100755,1641,https://prod.pictures.autoscout24.net/listing-images/29517f89-c311-420e-8371-b36c9548bcab_715e8b44-5d73-4bf4-a418-10f3a85221db.jpg/480x360.jpg
995d8af4-2724-452e-9486-f64f54669d16,volvo,xc90,c,p,39500,9500,d,108000,09-2018,88.55487491294804,1549,https://prod.pictures.autoscout24.net/listing-images/995d8af4-2724-452e-9486-f64f54669d16_176870b5-c055-438e-b5bc-ecb357f12beb.jpg/480x360.jpg
93f7a67b-4627-4913-94cf-d2bc9a8bc57e,volvo,xc90,c,d,29990,6224,d,165000,11-2016,110.94977629658112,2218,https://prod.pictures.autoscout24.net/listing-images/93f7a67b-4627-4913-94cf-d2bc9a8bc57e_453f44ad-fba8-4103-a8f3-89f56f416ea2.jpg/480x360.jpg
f2e7ddee-ea29-4be0-acb6-d561fe5c8182,volvo,s60,c,d,10950,4020,d,100000,07-2018,121.60247278825214,1611,https://prod.pictures.autoscout24.net/listing-images/f2e7ddee-ea29-4be0-acb6-d561fe5c8182_828295f4-a90c-4dc2-ada5-20a2d23bca83.jpg/480x360.jpg
711ed6bb-3cc0-425b-93a9-e8f8dae1ddb3,volvo,s60,c,d,10200,4530,d,135000,04-2011,111.99734570714251,4259,https://prod.pictures.autoscout24.net/listing-images/711ed6bb-3cc0-425b-93a9-e8f8dae1ddb3_db052133-ed69-4d31-a5b9-da8da1518bc0.jpg/480x360.jpg
175b9110-cd2b-4022-b13f-e6a48a1a11f4,volvo,xc60,c,d,18500,4530,d,127000,11-2016,111.99734570714251,2218,https://prod.pictures.autoscout24.net/listing-images/175b9110-cd2b-4022-b13f-e6a48a1a11f4_a413cfdf-a4ac-411e-9d12-d9f7330e2285.jpg/480x360.jpg
226110de-88d2-45c4-beaa-5c6b34aa00b5,volvo,v40,c,d,11490,4000,d,104314,11-2022,118.53949006185148,27,https://prod.pictures.autoscout24.net/listing-images/226110de-88d2-45c4-beaa-5c6b34aa00b5_fee0634d-0e67-4d0a-990d-fb18c52e46b8.jpg/480x360.jpg
956d76c8-5d02-4f2b-8e77-f7c7d7900451,volvo,v60,c,d,34500,9890,2,28000,06-2021,80.15855280814198,545,https://prod.pictures.autoscout24.net/listing-images/956d76c8-5d02-4f2b-8e77-f7c7d7900451_449e4f9b-59a6-44e1-9db7-a12312c716ea.jpg/480x360.jpg
4a49561e-e7fe-4b22-b69e-61fc926055f7,volvo,v40,c,d,9800,7387,d,115000,09-2015,133.5272895412881,2645,https://prod.pictures.autoscout24.net/listing-images/4a49561e-e7fe-4b22-b69e-61fc926055f7_164a3573-0c60-4e83-89c7-5d6deb37d2d4.jpg/480x360.jpg
842126b9-5453-4e9a-bd8a-5081e0eec350,volvo,s60,c,d,33990,3530,b,55000,08-2020,79.7065029526959,849,https://prod.pictures.autoscout24.net/listing-images/842126b9-5453-4e9a-bd8a-5081e0eec350_a0e52319-9659-4c63-826c-4a07c699d604.jpg/480x360.jpg
cd4103fb-bea9-4417-ba5e-646a8c27e6cf,volvo,xc60,c,d,33495,3200,d,52588,05-2018,60.911700271925,1672,https://prod.pictures.autoscout24.net/listing-images/cd4103fb-bea9-4417-ba5e-646a8c27e6cf_38499ada-a34e-4b5f-8361-73b2a579686e.jpg/480x360.jpg
5d063a0b-1a57-4e12-853b-9d9502316128,volvo,xc60,c,d,35900,8830,d,58200,06-2019,110.14495439154433,1276,https://prod.pictures.autoscout24.net/listing-images/5d063a0b-1a57-4e12-853b-9d9502316128_4bf58061-2a60-434f-912f-2357ee11d9cb.jpg/480x360.jpg
00e2cd04-82b7-4656-a2c1-559898673a39,volvo,xc40,c,d,32990,9810,d,42060,09-2020,80.58546176841949,818,https://prod.pictures.autoscout24.net/listing-images/00e2cd04-82b7-4656-a2c1-559898673a39_5f7effb3-6409-4f44-a217-d090398b58dc.jpg/480x360.jpg
52a4d77f-a341-4765-8957-d274db693160,volvo,xc60,c,d,20900,3800,d,65830,06-2017,90.52950000718796,2006,https://prod.pictures.autoscout24.net/listing-images/52a4d77f-a341-4765-8957-d274db693160_032c1010-0736-4916-9606-9152f5f743b5.jpg/480x360.jpg
de29f18d-5ec7-4b04-a74e-7f5bcab29b5d,volvo,v60,c,d,23500,3500,d,124938,02-2019,86.84432103923942,1396,https://prod.pictures.autoscout24.net/listing-images/de29f18d-5ec7-4b04-a74e-7f5bcab29b5d_f77e28f7-2dfb-4ca5-969d-f8805e8dbf42.jpg/480x360.jpg
4a218008-6a77-44e2-a3c2-3a2ff82dc743,volvo,v90,c,p,49995,9870,2,67000,10-2020,92.66676027439331,788,https://prod.pictures.autoscout24.net/listing-images/4a218008-6a77-44e2-a3c2-3a2ff82dc743_360b7cac-44c8-427f-873c-fdbb3e1239e5.jpg/480x360.jpg
18ecfa78-611b-4006-85a7-ac9041a526cb,volvo,xc90,c,d,54500,9160,3,41845,06-2020,52.83263590517851,910,https://prod.pictures.autoscout24.net/listing-images/18ecfa78-611b-4006-85a7-ac9041a526cb_19d9bafd-313c-4d8c-9217-1409de24887c.jpg/480x360.jpg
2ad043b9-6b8e-4cfe-9a64-3439087bc0af,volvo,s80,c,d,13990,3600,d,100000,05-2012,91.05707630102727,3863,https://prod.pictures.autoscout24.net/listing-images/2ad043b9-6b8e-4cfe-9a64-3439087bc0af_e2294d1f-f060-4f01-93fa-8c48255e79ff.jpg/480x360.jpg
3c7f1f99-8cfa-40cd-8aba-95b4699dde77,volvo,xc40,c,d,31950,4950,d,41000,07-2019,165.60244822380488,1246,https://prod.pictures.autoscout24.net/listing-images/3c7f1f99-8cfa-40cd-8aba-95b4699dde77_1e701ce7-4589-4b6d-882a-82e2526aab88.jpg/480x360.jpg
f570ec51-845f-4d7d-a57b-c40423999541,volvo,xc90,c,d,32500,9170,d,112100,01-2017,33.22587252494208,2157,https://prod.pictures.autoscout24.net/listing-images/f570ec51-845f-4d7d-a57b-c40423999541_788a6e61-8be0-41cd-ab86-0078277e373d.jpg/480x360.jpg
3ce2cae3-6061-42d7-9b83-77a9a5f1ebfb,volvo,xc90,c,d,31950,9160,2,238000,03-2017,52.83263590517851,2098,https://prod.pictures.autoscout24.net/listing-images/3ce2cae3-6061-42d7-9b83-77a9a5f1ebfb_45c67286-4d6e-4cb2-a049-69288bf12999.jpg/480x360.jpg
7949bea1-c38f-4805-8017-cae9c0a297bd,volvo,xc40,c,d,35900,8830,d,29500,02-2019,110.14495439154433,1396,https://prod.pictures.autoscout24.net/listing-images/7949bea1-c38f-4805-8017-cae9c0a297bd_14d02016-071f-4db3-a22f-b8e65631e029.jpg/480x360.jpg
bb37c014-08f8-48e1-9062-fac342cb0862,volvo,xc40,c,d,26490,3570,d,94000,10-2018,87.98207706376526,1519,https://prod.pictures.autoscout24.net/listing-images/bb37c014-08f8-48e1-9062-fac342cb0862_4d6fd5da-86fa-4549-a8c3-421513af8ee6.jpg/480x360.jpg
58e1b0bf-af5d-49be-a786-68189e0822e6,volvo,v50,c,p,3000,7641,d,193000,03-2010,124.66198527806658,4655,https://prod.pictures.autoscout24.net/listing-images/58e1b0bf-af5d-49be-a786-68189e0822e6_9d752d3a-be9f-4794-b62d-5cf21cd95a35.jpg/480x360.jpg
27e7a417-e73d-487a-91c2-75648a501a95,volvo,v40,c,d,18490,8800,b,51705,09-2018,107.24415982689398,1549,https://prod.pictures.autoscout24.net/listing-images/27e7a417-e73d-487a-91c2-75648a501a95_98e2ef37-f777-4d6b-a0cb-2b3375972bde.jpg/480x360.jpg
7cfa5949-94be-486b-bc30-5786c408da7a,volvo,v90 cross country,c,d,19999,5000,d,408338,09-2017,115.13665852422378,1914,https://prod.pictures.autoscout24.net/listing-images/7cfa5949-94be-486b-bc30-5786c408da7a_a0d73ed5-5a91-4002-9d5b-3e5046e6cb55.jpg/480x360.jpg
30653f7a-455a-47ba-8197-e8455af3b43c,volvo,v90,c,p,44450,3000,2,52000,02-2019,67.38410339411878,1396,https://prod.pictures.autoscout24.net/listing-images/30653f7a-455a-47ba-8197-e8455af3b43c_008f6025-788a-40ba-98f4-edb60c5ca619.jpg/480x360.jpg
5256f823-5975-4515-aeae-7f88c528f28f,volvo,xc40,c,d,37490,1160,d,37000,09-2020,72.45305351002509,818,https://prod.pictures.autoscout24.net/listing-images/5256f823-5975-4515-aeae-7f88c528f28f_2e0976a3-0bc1-450f-980d-ad543a0c2335.jpg/480x360.jpg
026cf478-1ff7-4354-9ecf-e859cc5de5ef,volvo,xc40,c,d,28980,8800,d,68180,03-2019,107.24415982689398,1368,https://prod.pictures.autoscout24.net/listing-images/026cf478-1ff7-4354-9ecf-e859cc5de5ef_dccac602-c353-410d-825e-c972a9d24dfe.jpg/480x360.jpg
bd5d223c-e126-4ae1-98f3-b1e6e691eef9,volvo,s80,c,p,4000,7520,b,87000,11-2001,121.71883282206925,7697,https://prod.pictures.autoscout24.net/listing-images/bd5d223c-e126-4ae1-98f3-b1e6e691eef9_2d950783-fc61-4b50-b14c-4b04d1bbe960.jpg/480x360.jpg
d312ca81-3163-4ba3-b3b5-246882205e6b,volvo,xc60,c,d,11950,1070,d,123000,10-2011,71.06367211068877,4076,https://prod.pictures.autoscout24.net/listing-images/d312ca81-3163-4ba3-b3b5-246882205e6b_b98452a5-d625-4bb2-bb2a-595882fddf41.jpg/480x360.jpg
0f0cbee6-852b-46bd-8153-0d2f47af5aa2,volvo,xc60,c,d,27500,2440,b,85200,01-2017,49.365434961335374,2157,https://prod.pictures.autoscout24.net/listing-images/0f0cbee6-852b-46bd-8153-0d2f47af5aa2_0ccba77a-2c40-4e9b-8a1d-bfe6ceb6302b.jpg/480x360.jpg
21d83609-83ee-4009-840f-c7135d21079e,volvo,xc60,c,p,9500,2490,d,230800,04-2010,59.02891586146089,4624,https://prod.pictures.autoscout24.net/listing-images/21d83609-83ee-4009-840f-c7135d21079e_d2fe903d-4305-4833-bb05-ae5343573a01.jpg/480x360.jpg
83bc48de-df48-4622-a601-0bc71dcd23e6,volvo,p1800,c,p,33500,2610,b,63000,06-1967,33.817501233272104,20269,https://prod.pictures.autoscout24.net/listing-images/83bc48de-df48-4622-a601-0bc71dcd23e6_d0b242c6-5b25-4fbb-a724-1f9d7f312690.jpg/480x360.jpg
355bd39d-2920-4b20-a1d1-3a3900076541,volvo,240,c,d,126950,2800,b,1,09-1982,49.170515286575046,14698,https://prod.pictures.autoscout24.net/listing-images/355bd39d-2920-4b20-a1d1-3a3900076541_a95abbaf-f66f-48d0-8e24-b83749156549.jpg/480x360.jpg
f729da17-4e9d-420c-a388-d7916c8f7e4d,volvo,xc60,c,p,47900,8470,2,89500,12-2019,112.13867186558144,1093,https://prod.pictures.autoscout24.net/listing-images/f729da17-4e9d-420c-a388-d7916c8f7e4d_f5bf0442-29d1-4a7d-90c7-9330205d4571.jpg/480x360.jpg
b7104180-b58b-423e-ad2c-0b5caa2262e5,volvo,p1800,c,p,13500,1420,b,190000,09-1962,87.49639779077864,22003,https://prod.pictures.autoscout24.net/listing-images/b7104180-b58b-423e-ad2c-0b5caa2262e5_55fe78c4-9072-40c8-a8d6-5f174aa3e593.jpg/480x360.jpg
2d2c063d-fa77-4e6f-8d68-433f9256c217,volvo,s60,c,p,20800,3945,d,91000,07-2018,62.89337299154107,1611,https://prod.pictures.autoscout24.net/listing-images/2d2c063d-fa77-4e6f-8d68-433f9256c217_e43a13db-fada-481d-bc49-bbb3cc32c3e2.jpg/480x360.jpg
be818493-0dde-423c-a95a-753ca07a70c2,volvo,s80,c,d,2250,2520,b,200000,10-2000,32.09318592689817,8093,https://prod.pictures.autoscout24.net/listing-images/be818493-0dde-423c-a95a-753ca07a70c2_721c6623-3fe2-465c-ac40-9527299b94b9.jpg/480x360.jpg
9b526526-8be5-443d-a38d-027474e95530,volvo,s60,c,d,4750,5060,d,164000,10-2008,116.00750129472273,5171,https://prod.pictures.autoscout24.net/listing-images/9b526526-8be5-443d-a38d-027474e95530_3630c190-ee1a-4b97-9871-d519c47228cf.jpg/480x360.jpg
a6bcb6ab-a403-4a09-b278-0b755ffeb2d6,volvo,s90,c,d,38100,9620,2,78999,01-2018,79.3684737361704,1792,https://prod.pictures.autoscout24.net/listing-images/a6bcb6ab-a403-4a09-b278-0b755ffeb2d6_2adfb0c3-31cf-4105-ad43-0bd9bef73e7b.jpg/480x360.jpg
e47c95dc-61c0-4a34-815f-fcee6845c9a3,volvo,xc60,c,d,28990,5190,d,113505,09-2019,108.63324346377956,1184,https://prod.pictures.autoscout24.net/listing-images/e47c95dc-61c0-4a34-815f-fcee6845c9a3_20f73ad7-73d0-448e-b336-7bb1b47bf49c.jpg/480x360.jpg
1aec76d8-ebc8-429e-a4bb-86d1221b3595,volvo,c70,c,d,6950,8570,b,174000,07-2000,100.49126072839948,8185,https://prod.pictures.autoscout24.net/listing-images/1aec76d8-ebc8-429e-a4bb-86d1221b3595_5b794df1-a8cf-4a67-aad5-a06f39ef687d.jpg/480x360.jpg
92f9e35e-92e7-4e14-82b7-93011cd525f3,volvo,s60,c,d,12100,8851,d,113000,03-2015,101.77599616070371,2829,https://prod.pictures.autoscout24.net/listing-images/92f9e35e-92e7-4e14-82b7-93011cd525f3_ec79e2ae-2707-423b-b6ce-a68361171c3d.jpg/480x360.jpg
2e257da1-32ac-4aac-a510-59231a3fddfe,volvo,v60 cross country,c,d,16500,1840,d,127910,03-2017,54.29299877782283,2098,https://prod.pictures.autoscout24.net/listing-images/2e257da1-32ac-4aac-a510-59231a3fddfe_78203748-3ed3-479b-970e-ea74c29d9fb7.jpg/480x360.jpg
b795f492-b3ad-4636-b2d3-01b87e47516a,volvo,xc60,c,d,12499,5350,d,200000,07-2011,126.7410030901816,4168,https://prod.pictures.autoscout24.net/listing-images/b795f492-b3ad-4636-b2d3-01b87e47516a_ecf9c983-ea6c-473a-a9a1-65d875ecbcc2.jpg/480x360.jpg
ce11a716-e2cb-40c8-b21c-c1ca0560fcf5,volvo,xc40,c,p,47000,6792,2,8000,04-2022,226.9711708101047,241,https://prod.pictures.autoscout24.net/listing-images/ce11a716-e2cb-40c8-b21c-c1ca0560fcf5_7b9a0e4f-44f5-427b-8094-e4d3273ed514.jpg/480x360.jpg
73f08b0c-3aa3-4ef5-90f2-18907d63c638,volvo,c70,c,d,7500,1932,d,154000,08-2009,66.67198913187099,4867,https://prod.pictures.autoscout24.net/listing-images/73f08b0c-3aa3-4ef5-90f2-18907d63c638_83886f2f-ef3b-4ea5-8bec-83f8d13e99f8.jpg/480x360.jpg
c1f04429-e78a-46a8-ab7a-5e5151f486bd,volvo,s60,c,d,52990,9200,2,1850,09-2020,55.33414746561007,818,https://prod.pictures.autoscout24.net/listing-images/c1f04429-e78a-46a8-ab7a-5e5151f486bd_e3715436-dee4-48fb-b2e2-03d57f14871e.jpg/480x360.jpg
420c5807-ec5d-4363-a19e-de058f40c084,volvo,xc70,c,d,10500,9000,d,180000,11-2014,69.99787275902874,2949,https://prod.pictures.autoscout24.net/listing-images/420c5807-ec5d-4363-a19e-de058f40c084_9138e3eb-588d-46ce-aeac-1b2705508a01.jpg/480x360.jpg
c13ae280-e5a0-4edd-bbda-37994e370bb2,volvo,s60,c,d,32500,4530,b,53000,07-2019,111.99734570714251,1246,https://prod.pictures.autoscout24.net/listing-images/c13ae280-e5a0-4edd-bbda-37994e370bb2_0b25afab-0894-4e46-a75d-143926960ad8.jpg/480x360.jpg
54beff3d-76cb-419d-8ae4-7aac9efc23e9,volvo,unknown,c,p,18950,1000,b,100371,12-1972,69.17270624549755,18259,https://prod.pictures.autoscout24.net/listing-images/54beff3d-76cb-419d-8ae4-7aac9efc23e9_c14d2f02-b122-44ab-b337-47f9bab255d3.jpg/480x360.jpg
073dcdd9-2736-4e3e-b72d-4a93a346764b,volvo,v40,c,d,15999,1910,b,63000,03-2015,61.06717284299515,2829,https://prod.pictures.autoscout24.net/listing-images/073dcdd9-2736-4e3e-b72d-4a93a346764b_63c99674-2541-4643-b574-e2a828f20b77.jpg/480x360.jpg
d1c2d96e-9170-4929-a97f-01c91066fd2b,volvo,v40,c,d,13390,1301,d,110000,02-2015,84.5190781907067,2857,https://prod.pictures.autoscout24.net/listing-images/d1c2d96e-9170-4929-a97f-01c91066fd2b_a1fef687-c5ca-49dc-b193-10229cc7afe4.jpg/480x360.jpg
d02d383f-ec8c-4831-aa49-a5ce7543b453,volvo,xc90,c,p,52000,9520,2,85500,07-2017,73.10515277787435,1976,https://prod.pictures.autoscout24.net/listing-images/d02d383f-ec8c-4831-aa49-a5ce7543b453_e0e6fcf5-d89c-4625-9959-c15e8a128a78.jpg/480x360.jpg
ee25f69f-bf0e-4171-8bc9-f0390cc7eaff,volvo,v40 cross country,c,d,12999,1410,d,127331,04-2018,83.89428081314767,1702,https://prod.pictures.autoscout24.net/listing-images/ee25f69f-bf0e-4171-8bc9-f0390cc7eaff_6b11a03c-728b-4348-bc29-772dd1214227.jpg/480x360.jpg
8af65858-5c7a-4817-a57c-0be97d6873e3,volvo,pv544,c,p,10500,4400,b,85700,10-1964,117.24460891533398,21242,https://prod.pictures.autoscout24.net/listing-images/8af65858-5c7a-4817-a57c-0be97d6873e3_43cf33f9-b0ee-4043-867b-c3ba7e620710.jpg/480x360.jpg
6e26e8f5-05da-4b26-bf63-9adb9e303b25,volvo,v40,c,p,11750,4520,d,129400,02-2013,112.57318942534252,3587,https://prod.pictures.autoscout24.net/listing-images/6e26e8f5-05da-4b26-bf63-9adb9e303b25_1f291d2f-d956-43df-a51d-326944549351.jpg/480x360.jpg
37fbcac2-163e-4196-9efb-cef67926544b,volvo,s90,c,d,26990,9200,d,123000,01-2019,55.33414746561007,1427,https://prod.pictures.autoscout24.net/listing-images/37fbcac2-163e-4196-9efb-cef67926544b_c932b1ac-5ec5-401b-b315-ba96e14a8383.jpg/480x360.jpg
994dee97-5619-4ae2-999e-f7a282197d08,volvo,v90,c,p,47500,9620,2,51000,05-2019,79.3684737361704,1307,https://prod.pictures.autoscout24.net/listing-images/994dee97-5619-4ae2-999e-f7a282197d08_eb3ea870-35d3-4148-9a7a-a241d01b7bb3.jpg/480x360.jpg
0ec33832-d133-4c7e-b596-f9ab9dfb5aab,volvo,xc90,c,d,94550,9100,2,21400,01-2022,39.90739495574749,331,https://prod.pictures.autoscout24.net/listing-images/0ec33832-d133-4c7e-b596-f9ab9dfb5aab_237f7c06-751b-4a44-926a-3399723ab3e7.jpg/480x360.jpg
2e638fe5-0d50-47c5-a9e7-17b42e352dbf,volvo,v40,c,p,14000,1820,d,63000,03-2017,61.11806276432271,2098,https://prod.pictures.autoscout24.net/listing-images/2e638fe5-0d50-47c5-a9e7-17b42e352dbf_72053413-195f-492e-9614-7d45c37fdce1.jpg/480x360.jpg
73efee2e-6672-4f0f-9327-868f26e85aee,volvo,v40,c,d,8500,2160,d,180000,06-2015,29.52364933489528,2737,https://prod.pictures.autoscout24.net/listing-images/73efee2e-6672-4f0f-9327-868f26e85aee_3e6a8840-9036-4838-bb6f-c0ca30501290.jpg/480x360.jpg
494f2fd7-8fb2-4c4e-888d-9c8d909016b8,volvo,v40,c,d,14470,6700,d,99000,02-2017,222.44484417522085,2126,https://prod.pictures.autoscout24.net/listing-images/494f2fd7-8fb2-4c4e-888d-9c8d909016b8_fb939ac1-a810-4477-ba84-af561b800d98.jpg/480x360.jpg
c0b1c285-278d-43d7-9c8e-7e8258cae25b,volvo,v40,c,d,13990,4684,d,92000,01-2017,117.23259981512291,2157,https://prod.pictures.autoscout24.net/listing-images/c0b1c285-278d-43d7-9c8e-7e8258cae25b_f20964ca-a1d9-41c1-b653-9f0a858f4cce.jpg/480x360.jpg
871f8bc2-827f-42d2-9b77-a5a053671926,volvo,v40,c,p,15500,2890,d,105000,12-2016,48.52233771053304,2188,https://prod.pictures.autoscout24.net/listing-images/871f8bc2-827f-42d2-9b77-a5a053671926_dcbb428d-7dab-4759-b338-bfb14fbfe9b4.jpg/480x360.jpg
5aa36754-612c-4bf8-9c26-0c22a765f96b,volvo,xc60,c,d,15490,7380,d,159860,07-2015,129.95614046754844,2707,https://prod.pictures.autoscout24.net/listing-images/5aa36754-612c-4bf8-9c26-0c22a765f96b_58aa4d1f-0364-4d84-8bac-9b99f37b1837.jpg/480x360.jpg
0c7f6cfa-3911-47ea-9999-78a9685b94f2,volvo,c70,c,d,5500,6200,b,101100,11-2002,119.77990387531518,7332,https://prod.pictures.autoscout24.net/listing-images/0c7f6cfa-3911-47ea-9999-78a9685b94f2_c75e1325-f4ca-4c4c-9353-e3ff6938ea03.jpg/480x360.jpg
8c900d38-4fd3-4b24-9f78-0c629f85de69,volvo,s60,c,p,15650,1780,d,87000,10-2017,63.273818071645216,1884,https://prod.pictures.autoscout24.net/listing-images/8c900d38-4fd3-4b24-9f78-0c629f85de69_b79b300a-af28-422a-8301-aa649cd3f6cc.jpg/480x360.jpg
dc791843-ed75-438b-a8a3-1bfb1591549a,volvo,v60 cross country,c,d,17950,1420,d,148000,09-2016,87.49639779077864,2279,https://prod.pictures.autoscout24.net/listing-images/dc791843-ed75-438b-a8a3-1bfb1591549a_1515d072-370d-4ba9-a66f-863566d4ffeb.jpg/480x360.jpg
5487d3b4-b2d9-4d22-b315-297bd6f39494,volvo,xc90,c,p,64445,2380,2,49815,01-2018,37.78558223701299,1792,https://prod.pictures.autoscout24.net/listing-images/5487d3b4-b2d9-4d22-b315-297bd6f39494_f027205c-f26a-4ba4-a143-e9c602f9b91f.jpg/480x360.jpg
6e22dda5-b211-4809-8075-869ea18ca47f,volvo,xc40,c,d,24500,9750,b,180833,04-2018,86.46443807941212,1702,https://prod.pictures.autoscout24.net/listing-images/6e22dda5-b211-4809-8075-869ea18ca47f_70a62899-8b28-421b-9578-dcf14c985c6c.jpg/480x360.jpg
357ebb90-86e9-4929-931d-7a59d218cd47,volvo,v40,c,d,12490,5060,d,114000,06-2017,116.00750129472273,2006,https://prod.pictures.autoscout24.net/listing-images/357ebb90-86e9-4929-931d-7a59d218cd47_44ef5dd8-9f35-4001-8379-e24ffab13dc4.jpg/480x360.jpg
e7521656-6ef3-40de-a809-b3da6b3750df,volvo,c70,c,d,12400,1910,d,95858,03-2012,61.06717284299515,3924,https://prod.pictures.autoscout24.net/listing-images/e7521656-6ef3-40de-a809-b3da6b3750df_cc99558f-9368-4292-8433-7b124ac18c28.jpg/480x360.jpg
a42f9c2b-01b6-4e3d-bcb2-f942c581004f,volvo,v40,c,d,12490,5140,d,108000,08-2017,104.85389989976589,1945,https://prod.pictures.autoscout24.net/listing-images/a42f9c2b-01b6-4e3d-bcb2-f942c581004f_248218fc-4690-4aff-a826-27406a6d0282.jpg/480x360.jpg
a95cd38e-31ae-4abd-99f4-badd2fc270b7,volvo,s60,c,d,22990,3510,b,132845,04-2018,78.62636142772035,1702,https://prod.pictures.autoscout24.net/listing-images/a95cd38e-31ae-4abd-99f4-badd2fc270b7_eb85fc39-5ffa-4e42-90fc-a52d9e02d889.jpg/480x360.jpg
52412ab2-f887-40d6-83cd-e4f32192dd01,volvo,xc60,c,d,12490,1300,d,117726,09-2011,83.88957347991013,4106,https://prod.pictures.autoscout24.net/listing-images/52412ab2-f887-40d6-83cd-e4f32192dd01_4a558971-bdeb-4899-b7c5-0d5eed708049.jpg/480x360.jpg
e5fbbabc-d0f4-4051-bcc3-585da8ee3131,volvo,xc60,c,d,21500,9920,d,172000,07-2017,72.12530715362509,1976,https://prod.pictures.autoscout24.net/listing-images/e5fbbabc-d0f4-4051-bcc3-585da8ee3131_ae7b5a60-1462-4b68-a873-6558c6135f81.jpg/480x360.jpg
1ef17be3-0d14-439d-b2e3-23028763bfe0,volvo,s60,c,p,16500,9120,b,53500,04-2007,31.412557196808976,5720,https://prod.pictures.autoscout24.net/listing-images/1ef17be3-0d14-439d-b2e3-23028763bfe0_bc85e270-dd5b-4c0c-8f88-bc02c16d9a22.jpg/480x360.jpg
1b125fe9-e230-4019-959e-f4bd1ee3d34d,volvo,v60,c,p,23500,3270,b,33000,12-2018,64.63308240631308,1458,https://prod.pictures.autoscout24.net/listing-images/1b125fe9-e230-4019-959e-f4bd1ee3d34d_b4b7ca11-9789-4aa2-9075-0e7fb21a67ff.jpg/480x360.jpg
df80125c-9511-4f54-869d-0fa1b89fd574,volvo,740,c,d,6999,9280,b,105000,03-1989,57.52425726435139,12325,https://prod.pictures.autoscout24.net/listing-images/df80125c-9511-4f54-869d-0fa1b89fd574_4239b87a-5b0d-4a5e-81cc-fd366f3677d9.jpg/480x360.jpg
9969b08c-210a-475e-a8b7-1929c15c7fb2,volvo,v40,c,d,13499,3600,b,138489,04-2017,91.05707630102727,2067,https://prod.pictures.autoscout24.net/listing-images/9969b08c-210a-475e-a8b7-1929c15c7fb2_d149a7a2-c1d3-44bf-aed8-7d805fec3bc8.jpg/480x360.jpg
74ce42a8-6cff-490a-8025-0b8e15d6343a,volvo,v40,c,p,16000,8730,d,62500,11-2018,86.09181810851207,1488,https://prod.pictures.autoscout24.net/listing-images/74ce42a8-6cff-490a-8025-0b8e15d6343a_c48530d0-0dbe-45ad-9d62-dfd80ff488b8.jpg/480x360.jpg
