guid,make,model,vehicle-type,seller-type,price,fuel-type,mileage,year,img-url,zip-code,distance,reg-age,listing-age
479618b9-cffc-4754-8601-32276b947cbc,Mitsubishi,Sapporo,Coupé,PrivateSeller,650,b,150000,06-1982,https://prod.pictures.autoscout24.net/listing-images/479618b9-cffc-4754-8601-32276b947cbc_1dfd8b96-2d2e-47c7-93d4-4134122c5147.jpg/250x188.webp,6500,139.73150212890414,14800,78
de293472-4f94-4223-bf99-34ad9eea32ee,Mitsubishi,Colt,Berline,PrivateSeller,800,d,305442,05-2006,https://prod.pictures.autoscout24.net/listing-images/de293472-4f94-4223-bf99-34ad9eea32ee_41bc6839-793a-4e7b-bdae-408b12f9e0de.jpg/250x188.webp,7387,133.5272895412881,6065,10
eaa9fc6a-2bc0-491c-a986-0bfa49c66a26,Mitsubishi,Grandis,Monovolume,PrivateSeller,850,d,274000,09-2009,https://prod.pictures.autoscout24.net/listing-images/eaa9fc6a-2bc0-491c-a986-0bfa49c66a26_d3418cd2-063e-4b65-a9c1-935d100d2efc.jpg/250x188.webp,9300,66.4098627619792,4846,153
4ef6c32a-9476-4421-8fdb-68ed86e19bad,Mitsubishi,Space Star,Monovolume,Dealer,1000,d,200000,08-2005,https://prod.pictures.autoscout24.net/listing-images/4ef6c32a-9476-4421-8fdb-68ed86e19bad_ee07ab00-4562-499d-a84a-612db14071ef.jpg/250x188.webp,9860,75.70525305366282,6338,66
26c161a7-164d-4ec1-9f88-6338911bcb58,Mitsubishi,Carisma,Berline,PrivateSeller,1100,d,166000,06-2000,https://prod.pictures.autoscout24.net/listing-images/26c161a7-164d-4ec1-9f88-6338911bcb58_b8ff6d0b-3f1d-4c21-9f23-a0838fe23854.jpg/250x188.webp,6000,117.49014599385939,8225,54
4a81c0ad-231d-487d-8f80-baa8df95dbbd,Mitsubishi,Galant,Berline,Dealer,1100,b,180000,10-2002,https://prod.pictures.autoscout24.net/listing-images/4a81c0ad-231d-487d-8f80-baa8df95dbbd_a0d256a2-be2e-412c-8ee1-ce3c6696e9e6.jpg/250x188.webp,1080,69.57979227671277,7373,87
b67d81ec-5b1f-49e1-9ddd-aeb55b22e1fb,Mitsubishi,Colt,Berline,PrivateSeller,1100,b,196000,03-2005,https://prod.pictures.autoscout24.net/listing-images/b67d81ec-5b1f-49e1-9ddd-aeb55b22e1fb_e4a6d360-7567-4c1f-b1bb-1bc027cfb75d.jpg/250x188.webp,8211,103.38033999911535,6491,119
a50db18a-1104-4fb7-afea-5483cd62da1f,Mitsubishi,Outlander,SUV/4x4/Pick-up,PrivateSeller,1450,b,182000,08-2007,https://prod.pictures.autoscout24.net/listing-images/a50db18a-1104-4fb7-afea-5483cd62da1f_8b96a1d9-7126-4d56-9d49-35168d171d51.jpg/250x188.webp,8400,110.03239888716801,5608,1
3def9dde-9f1d-4e57-9c66-a4927829189f,Mitsubishi,Carisma,Berline,PrivateSeller,1450,b,105600,10-1997,https://prod.pictures.autoscout24.net/listing-images/3def9dde-9f1d-4e57-9c66-a4927829189f_8f35fa26-a90b-472c-b830-22513e4b17ec.jpg/250x188.webp,1780,63.273818071645216,9199,2
65d40c48-9924-4a8c-b6f8-77b2a950708c,Mitsubishi,Colt,Berline,Dealer,1450,d,226000,10-2006,https://prod.pictures.autoscout24.net/listing-images/65d40c48-9924-4a8c-b6f8-77b2a950708c_aca08b8b-0365-43c0-9c6f-302c0ed8cf84.jpg/250x188.webp,6150,118.77654030835686,5912,7
2185b53e-d152-402a-8401-0cd1653fe45d,Mitsubishi,Grandis,Monovolume,Dealer,1450,d,217000,10-2008,https://prod.pictures.autoscout24.net/listing-images/2185b53e-d152-402a-8401-0cd1653fe45d_b65e2b05-d881-4e84-a59f-bfae05e5b0a1.jpg/250x188.webp,9860,75.70525305366282,5181,44
5dd072ea-76f2-42f0-a554-086e2e28e25e,Mitsubishi,Lancer,Stadswagen,PrivateSeller,1600,b,135000,09-1992,https://prod.pictures.autoscout24.net/listing-images/5dd072ea-76f2-42f0-a554-086e2e28e25e_8c026b8b-d0a1-4f7c-9dde-27d29060a4c7.jpg/250x188.webp,8900,132.89189018035066,11055,34
fe72bdf4-9dc6-4263-bda0-bb5dde6a30cb,Mitsubishi,Carisma,Berline,Dealer,1950,b,161000,05-1999,https://prod.pictures.autoscout24.net/listing-images/fe72bdf4-9dc6-4263-bda0-bb5dde6a30cb_bffc6cf6-c40a-4702-8c8d-7b005b617df9.jpg/250x188.webp,1601,76.3100421089918,8622,216
2fa07598-c74e-4570-a08a-40b1204d8046,Mitsubishi,Lancer,Berline,PrivateSeller,2200,d,125119,01-2009,https://prod.pictures.autoscout24.net/listing-images/2fa07598-c74e-4570-a08a-40b1204d8046_6c8b509f-9f8c-4185-aab6-fb657a7489db.jpg/250x188.webp,1853,62.49120970441575,5089,1
623d400a-0b8f-4456-bf00-a824e754cd90,Mitsubishi,Pajero,Andere,Dealer,2200,d,300000,11-2000,https://prod.pictures.autoscout24.net/listing-images/623d400a-0b8f-4456-bf00-a824e754cd90_e9ca2b12-fd15-4857-ba35-ecaaf9177b35.jpg/250x188.webp,1840,54.29299877782283,8072,35
e68ff768-d7c0-4047-8f4e-a0b7d72e2615,Mitsubishi,Colt,Berline,Dealer,2300,b,208538,10-2008,https://prod.pictures.autoscout24.net/listing-images/e68ff768-d7c0-4047-8f4e-a0b7d72e2615_fd7fd290-f41e-4f13-86c6-601a3ac615db.jpg/250x188.webp,4432,111.15678224769336,5181,21
114e08fd-dbd9-4c36-ab70-de5d4898b6bc,Mitsubishi,Colt,Berline,PrivateSeller,2400,d,212000,04-2006,https://prod.pictures.autoscout24.net/listing-images/114e08fd-dbd9-4c36-ab70-de5d4898b6bc_c6e6125e-9868-457e-a6b6-4ed8232d030b.jpg/250x188.webp,4020,121.60247278825214,6095,4
865e80a3-8a3c-493f-a4b7-1600d50951b4,Mitsubishi,Colt,Berline,PrivateSeller,2500,b,60000,11-2006,https://prod.pictures.autoscout24.net/listing-images/865e80a3-8a3c-493f-a4b7-1600d50951b4_e52db848-78db-4bce-b2ab-cbdec29a595a.jpg/250x188.webp,9930,73.81312152357226,5881,11
e2c7f27d-4b0a-4479-b7d1-b51fe028be8b,Mitsubishi,Colt,Berline,PrivateSeller,2500,b,124367,05-2005,https://prod.pictures.autoscout24.net/listing-images/e2c7f27d-4b0a-4479-b7d1-b51fe028be8b_c29d0ca3-0976-42e3-b74b-7f30c2c67c93.jpg/250x188.webp,1083,67.26476839570763,6430,5
334489a2-b9df-472b-b2d7-3a0b0775e99c,Mitsubishi,Space Star,Andere,PrivateSeller,2500,b,193000,03-2004,https://prod.pictures.autoscout24.net/listing-images/334489a2-b9df-472b-b2d7-3a0b0775e99c_6b908cbf-5e54-4b99-82b6-e0e418ee2708.jpg/250x188.webp,2870,48.59068591419226,6856,13
25f14adb-d24a-49cf-b98b-df94b0ceb2b4,Mitsubishi,Lancer,Berline,Dealer,2550,d,327500,01-2010,https://prod.pictures.autoscout24.net/listing-images/25f14adb-d24a-49cf-b98b-df94b0ceb2b4_c8af2195-56e4-4244-aae6-2a2c11f3a411.jpg/250x188.webp,1300,83.88957347991013,4724,267
99653db5-52b3-460b-bcc8-a002949cda27,Mitsubishi,Colt,Berline,PrivateSeller,2700,b,106850,06-2006,https://prod.pictures.autoscout24.net/listing-images/99653db5-52b3-460b-bcc8-a002949cda27_cc1f04ea-590f-4313-bbaf-de508d8ccd06.jpg/250x188.webp,4800,137.3735948615729,6034,110
288ba562-3807-40ea-a07c-daf0ecfda700,Mitsubishi,Outlander,SUV/4x4/Pick-up,Dealer,2800,b,170000,02-2002,https://prod.pictures.autoscout24.net/listing-images/288ba562-3807-40ea-a07c-daf0ecfda700_cf5d8932-943b-402e-88de-216751ebcac2.jpg/250x188.webp,2610,33.817501233272104,7615,5
9693dbd1-af44-4fc5-b8fd-05624813add2,Mitsubishi,Colt,Andere,PrivateSeller,2850,b,182225,01-2005,https://prod.pictures.autoscout24.net/listing-images/9693dbd1-af44-4fc5-b8fd-05624813add2_4bead070-452f-48de-8bf5-21956d68cdd7.jpg/250x188.webp,1000,69.17270624549755,6550,31
f43c0c6d-c9d0-4357-abc7-55539585793a,Mitsubishi,Colt,Andere,Dealer,2900,b,150000,05-2011,https://prod.pictures.autoscout24.net/listing-images/f43c0c6d-c9d0-4357-abc7-55539585793a_17370ac1-9ae9-4047-9654-8893f3443f5d.jpg/250x188.webp,1840,54.29299877782283,4239,148
b2107c86-e518-4ad4-b8bf-bad03ac55bc2,Mitsubishi,Outlander,SUV/4x4/Pick-up,Dealer,2950,b,163000,12-2004,https://prod.pictures.autoscout24.net/listing-images/b2107c86-e518-4ad4-b8bf-bad03ac55bc2_05ea09d7-9227-4588-9b1f-c2b98168b5ac.jpg/250x188.webp,1800,60.05560122441548,6581,5
c857f3ff-24fc-4ed3-9f46-b8d7de0dcec7,Mitsubishi,Colt,Berline,PrivateSeller,2950,b,136000,11-2005,https://prod.pictures.autoscout24.net/listing-images/c857f3ff-24fc-4ed3-9f46-b8d7de0dcec7_c09d9ca8-b7dc-4b09-8425-c18e7e759626.jpg/250x188.webp,1020,66.36225311284039,6246,30
76787934-a231-458a-b366-a52a0a09b80a,Mitsubishi,Outlander,Andere,Dealer,2950,b,125000,08-2007,https://prod.pictures.autoscout24.net/listing-images/76787934-a231-458a-b366-a52a0a09b80a_ad708431-9612-49b0-9022-ba61e28768ea.jpg/250x188.webp,1830,61.99821855231934,5608,34
5cad44f1-bcae-4f01-8ae5-e260ee67746d,Mitsubishi,Colt,Berline,Dealer,2980,b,154160,03-2002,https://prod.pictures.autoscout24.net/listing-images/5cad44f1-bcae-4f01-8ae5-e260ee67746d_1b55a090-db2d-4214-a030-bd8c963ce6bd.jpg/250x188.webp,8570,100.49126072839948,7587,51
2b3ca863-259a-4aae-a4fa-5acb51a3ced2,Mitsubishi,Space Star,Monovolume,Dealer,2980,d,125354,01-2004,https://prod.pictures.autoscout24.net/listing-images/2b3ca863-259a-4aae-a4fa-5acb51a3ced2_fa6673ca-962c-4870-b1ef-3a6670ae4b19.jpg/250x188.webp,8570,100.49126072839948,6916,61
e1b806c2-b484-4f35-aadd-0a41e308a3f8,Mitsubishi,Colt,Stadswagen,Dealer,2990,b,124900,07-2009,https://prod.pictures.autoscout24.net/listing-images/e1b806c2-b484-4f35-aadd-0a41e308a3f8_c99dec82-7050-46af-8f55-6911ac2a7d33.jpg/250x188.webp,6700,222.44484417522085,4908,0
44d1b020-f915-4fc5-a9f7-936b31a8c079,Mitsubishi,Colt,Berline,Dealer,2990,b,185000,01-2010,https://prod.pictures.autoscout24.net/listing-images/44d1b020-f915-4fc5-a9f7-936b31a8c079_5d4ea4dc-6ef7-42f8-a124-f1b8b9013ef0.jpg/250x188.webp,7170,108.4792868516476,4724,7
a0b9e555-0b95-4a9f-b62d-51d9b1eaf1b9,Mitsubishi,Colt,Coupé,Dealer,2995,b,116723,03-1984,https://prod.pictures.autoscout24.net/listing-images/a0b9e555-0b95-4a9f-b62d-51d9b1eaf1b9_b4280aa0-ce0b-4c89-8a8b-ff31ed07842c.jpg/250x188.webp,8820,105.17632863208843,14161,6
19d17964-d8da-468f-ae77-479618699fcb,Mitsubishi,Lancer,Berline,PrivateSeller,3000,d,270000,02-2011,https://prod.pictures.autoscout24.net/listing-images/19d17964-d8da-468f-ae77-479618699fcb_c3d22472-f332-43a5-bc0a-cf8156dbc4ff.jpg/250x188.webp,7000,118.39471915054493,4328,255
7f8ff81b-4864-4c7a-9316-d87e5d203e51,Mitsubishi,Colt,Berline,PrivateSeller,3100,b,159735,06-2008,https://prod.pictures.autoscout24.net/listing-images/7f8ff81b-4864-4c7a-9316-d87e5d203e51_71505ef3-eb9a-4d54-a03d-d486f34b0292.jpg/250x188.webp,8200,93.81651363169982,5303,71
3a59f833-050d-4604-bd3b-c6d2d1fb3c90,Mitsubishi,Outlander,SUV/4x4/Pick-up,Dealer,3200,b,181000,01-2007,https://prod.pictures.autoscout24.net/listing-images/3a59f833-050d-4604-bd3b-c6d2d1fb3c90_3e29e8c0-f137-4ffc-a684-2033d05d4b64.jpg/250x188.webp,1070,71.06367211068877,5820,5
67317da7-70b9-47dc-a468-fa797774b1e0,Mitsubishi,Colt,Stadswagen,PrivateSeller,3200,b,135547,01-2005,https://prod.pictures.autoscout24.net/listing-images/67317da7-70b9-47dc-a468-fa797774b1e0_cd6ac5c1-c9b6-453b-81fc-14e470407f11.jpg/250x188.webp,9300,66.4098627619792,6550,9
ae9e9385-08c1-43a7-8163-93f6d9953b35,Mitsubishi,Colt,Berline,Dealer,3250,d,117208,09-2006,https://prod.pictures.autoscout24.net/listing-images/ae9e9385-08c1-43a7-8163-93f6d9953b35_5e1e1ba1-cd9f-4b5e-8f8c-0f03d5f827ac.jpg/250x188.webp,2100,27.421552979694752,5942,63
5f757207-85b8-4e90-bdc7-76f7dd966765,Mitsubishi,Colt,Cabriolet,PrivateSeller,3250,b,128800,09-2007,https://prod.pictures.autoscout24.net/listing-images/5f757207-85b8-4e90-bdc7-76f7dd966765_2d281e6a-1527-4e84-bde9-df284947712b.jpg/250x188.webp,7640,123.35769331129892,5577,182
54393c84-18ba-4419-a85d-35054f03c9e0,Mitsubishi,Colt,Berline,PrivateSeller,3290,b,180000,01-2011,https://prod.pictures.autoscout24.net/listing-images/54393c84-18ba-4419-a85d-35054f03c9e0_3f23974b-5987-467a-89fd-f73ff659d673.jpg/250x188.webp,6061,117.55452099458994,4359,67
11d03235-823e-49eb-b1b0-dfb11e0b5066,Mitsubishi,Pajero,SUV/4x4/Pick-up,Dealer,3450,d,290000,03-2005,https://prod.pictures.autoscout24.net/listing-images/11d03235-823e-49eb-b1b0-dfb11e0b5066_f043e0c7-9caa-48ee-9174-64309a2b11ef.jpg/250x188.webp,1400,97.35176357549375,6491,189
f9bcaa7f-220e-4539-ae70-9b28d5614ea6,Mitsubishi,Colt,Berline,Dealer,3490,b,172000,07-2005,https://prod.pictures.autoscout24.net/listing-images/f9bcaa7f-220e-4539-ae70-9b28d5614ea6_19fa7ef0-e1f4-4235-87a1-c5acb09fa9b7.jpg/250x188.webp,4840,138.07709145022378,6369,38
f2a908b7-4ceb-4825-9a77-d8ecb3278723,Mitsubishi,Colt,Berline,Dealer,3499,b,97000,10-2010,https://prod.pictures.autoscout24.net/listing-images/f2a908b7-4ceb-4825-9a77-d8ecb3278723_103bd1b2-0576-4312-ae48-8f52ab9c4570.jpg/250x188.webp,1300,83.88957347991013,4451,9
698a3eb5-8b5f-46a4-a8bf-eff364320103,Mitsubishi,Colt,Berline,Dealer,3500,b,107000,02-2006,https://prod.pictures.autoscout24.net/listing-images/698a3eb5-8b5f-46a4-a8bf-eff364320103_7f411b94-5541-4a78-904d-7487fae3e632.jpg/250x188.webp,9200,55.33414746561007,6154,3
8fa8642c-2aa0-4bee-b6a1-a1e50d7605b4,Mitsubishi,Colt,Cabriolet,Dealer,3500,b,97280,05-2007,https://prod.pictures.autoscout24.net/listing-images/8fa8642c-2aa0-4bee-b6a1-a1e50d7605b4_174e0fc2-8026-4f17-887a-789f352b3c4a.jpg/250x188.webp,9280,57.52425726435139,5700,14
27461946-4393-45da-8d23-dae3f297b390,Mitsubishi,Colt,Berline,PrivateSeller,3500,b,135000,02-2008,https://prod.pictures.autoscout24.net/listing-images/27461946-4393-45da-8d23-dae3f297b390_1c7fcc95-7364-479d-831a-4e813dfe8c82.jpg/250x188.webp,4820,135.89752060472813,5424,41
cf4cfe3a-5bc5-4d63-a7f0-b09213e5b465,Mitsubishi,Colt,Berline,Dealer,3500,b,112000,10-2008,https://prod.pictures.autoscout24.net/listing-images/cf4cfe3a-5bc5-4d63-a7f0-b09213e5b465_3774bbe0-658c-48ef-882c-adf2c97d0487.jpg/250x188.webp,8501,111.0904573851497,5181,56
5cba40f5-6668-4bf5-a231-3ac0b73d90ba,Mitsubishi,Grandis,Monovolume,Dealer,3500,d,225541,09-2005,https://prod.pictures.autoscout24.net/listing-images/5cba40f5-6668-4bf5-a231-3ac0b73d90ba_43aec623-aaa7-4493-b58a-cf5ffd016e11.jpg/250x188.webp,4020,121.60247278825214,6307,92
3b708cfe-f6b5-4291-a701-014db2ef53a6,Mitsubishi,Colt,Berline,Dealer,3650,b,46000,08-2005,https://prod.pictures.autoscout24.net/listing-images/3b708cfe-f6b5-4291-a701-014db2ef53a6_af9b0a96-4802-4f5c-8f07-29664cf65eb3.jpg/250x188.webp,1480,90.6722887329444,6338,222
4331648d-edd2-4653-bc82-09989aabf8a6,Mitsubishi,Lancer,Berline,Dealer,3750,d,140000,06-2011,https://prod.pictures.autoscout24.net/listing-images/4331648d-edd2-4653-bc82-09989aabf8a6_5a194118-d728-4c5d-b92b-d78a41cb6b72.jpg/250x188.webp,5140,104.85389989976589,4208,20
f4496c78-330a-49b2-bd78-48688953633a,Mitsubishi,Lancer,Berline,Dealer,3750,d,187000,12-2009,https://prod.pictures.autoscout24.net/listing-images/f4496c78-330a-49b2-bd78-48688953633a_22c93f54-35c8-44b9-932b-72ee1e6ed299.jpg/250x188.webp,5140,104.85389989976589,4755,30
1a5c019f-8a38-4f3c-8c35-779c3f71b634,Mitsubishi,Lancer,Berline,Dealer,3750,d,245000,10-2013,https://prod.pictures.autoscout24.net/listing-images/1a5c019f-8a38-4f3c-8c35-779c3f71b634_94011e5b-b682-44a9-a88f-a45fb79b5d7c.jpg/250x188.webp,1070,71.06367211068877,3355,44
5f33db14-6237-4d69-8cd4-407c2d5840aa,Mitsubishi,L200,Bestelwagen,Dealer,3850,d,171000,03-1993,https://prod.pictures.autoscout24.net/listing-images/5f33db14-6237-4d69-8cd4-407c2d5840aa_6a1a5885-96d8-41c7-bf71-78e629be6eaa.jpg/250x188.webp,1070,71.06367211068877,10874,16
7665ef4f-494a-4dbb-8841-ccad374cf82f,Mitsubishi,Colt,Berline,Dealer,3850,b,110000,01-2005,https://prod.pictures.autoscout24.net/listing-images/7665ef4f-494a-4dbb-8841-ccad374cf82f_fe76b0ab-41a3-445c-a938-fe395c506173.jpg/250x188.webp,4860,136.57795670699153,6550,51
9d81d5cf-bcc9-4241-b7d7-bb34709aae81,Mitsubishi,Colt,Cabriolet,PrivateSeller,3900,b,99300,03-2009,https://prod.pictures.autoscout24.net/listing-images/9d81d5cf-bcc9-4241-b7d7-bb34709aae81_2c52f5c2-23cc-4c11-aa05-6470b1f3ecbd.jpg/250x188.webp,7020,114.60869365078912,5030,57
68297758-508a-41da-bfd2-181c47e9ae6e,Mitsubishi,Colt,Berline,Dealer,3900,b,70000,01-2006,https://prod.pictures.autoscout24.net/listing-images/68297758-508a-41da-bfd2-181c47e9ae6e_f907a9e8-e52b-4db0-9d72-e11cf635edd2.jpg/250x188.webp,6250,115.60596353389253,6185,281
e66383f9-8f1f-432f-84a4-f71732f62b32,Mitsubishi,Colt,Andere,Dealer,3950,b,76000,04-2011,https://prod.pictures.autoscout24.net/listing-images/e66383f9-8f1f-432f-84a4-f71732f62b32_167264dd-ce63-4747-ab2a-1e21fa7665c4.jpg/250x188.webp,1780,63.273818071645216,4269,66
9bb52914-8b9b-4c6a-8dff-716426f70db9,Mitsubishi,Colt,Monovolume,Dealer,4000,b,99000,06-2008,https://prod.pictures.autoscout24.net/listing-images/9bb52914-8b9b-4c6a-8dff-716426f70db9_b925bcce-194c-453e-b37a-4657af03e780.jpg/250x188.webp,3300,76.19991947951956,5303,38
438cbbfd-02c5-4fd7-9667-a55ff0e682a6,Mitsubishi,Colt,Berline,PrivateSeller,4000,b,240000,03-2006,https://prod.pictures.autoscout24.net/listing-images/438cbbfd-02c5-4fd7-9667-a55ff0e682a6_122db69a-fa39-4b14-94bf-20b37ae80243.jpg/250x188.webp,4840,138.07709145022378,6126,73
cf964198-b1a1-457c-8b8b-6ed47d87a27f,Mitsubishi,Lancer,Berline,PrivateSeller,4000,d,240000,04-2011,https://prod.pictures.autoscout24.net/listing-images/cf964198-b1a1-457c-8b8b-6ed47d87a27f_39e7339d-5603-49f4-a8f6-7788b221dcd4.jpg/250x188.webp,1020,66.36225311284039,4269,131
33387e5a-59ef-4053-bc57-57c0b163e1af,Mitsubishi,Pajero,Bestelwagen,PrivateSeller,4000,d,298936,08-2004,https://prod.pictures.autoscout24.net/listing-images/33387e5a-59ef-4053-bc57-57c0b163e1af_aa117dcc-aec5-4b05-bdd8-88d873446b75.jpg/250x188.webp,4845,145.9433878746416,6703,162
315cd914-8c74-4d17-9232-ffdcdee2ec9f,Mitsubishi,L200,Bestelwagen,Dealer,4250,d,280000,04-1996,https://prod.pictures.autoscout24.net/listing-images/315cd914-8c74-4d17-9232-ffdcdee2ec9f_c4f731b6-b4b4-42e6-8a66-5dcaba9ff788.jpg/250x188.webp,1840,54.29299877782283,9747,3
d6847175-18fb-4197-b121-9d6d86f320ca,Mitsubishi,Colt,Berline,PrivateSeller,4300,b,56472,03-2010,https://prod.pictures.autoscout24.net/listing-images/d6847175-18fb-4197-b121-9d6d86f320ca_5af23963-7000-4a25-b215-6bd2cc92757f.jpg/250x188.webp,7000,118.39471915054493,4665,22
9f068ffb-9362-4507-9dd5-4d667f81c9aa,Mitsubishi,Lancer,Berline,PrivateSeller,4400,d,163000,05-2011,https://prod.pictures.autoscout24.net/listing-images/9f068ffb-9362-4507-9dd5-4d667f81c9aa_36eb6726-f33a-447c-a29e-0c81654ea912.jpg/250x188.webp,1910,61.06717284299515,4239,122
d6e0dc18-909b-4a66-af74-c355900a8437,Mitsubishi,Colt,Berline,PrivateSeller,4450,b,88000,12-2007,https://prod.pictures.autoscout24.net/listing-images/d6e0dc18-909b-4a66-af74-c355900a8437_6d8aae23-2de6-41fc-9c65-10cbda0a48af.jpg/250x188.webp,9100,39.90739495574749,5486,143
01858c75-dda5-4736-9ee4-71a4ba16d2fa,Mitsubishi,Colt,Berline,Dealer,4490,b,45000,12-2005,https://prod.pictures.autoscout24.net/listing-images/01858c75-dda5-4736-9ee4-71a4ba16d2fa_81d25c8f-58ae-4616-942b-5d545d7b3f16.jpg/250x188.webp,7120,126.85657914067737,6216,58
3ea95069-797b-469f-b8e7-89a7040ca86b,Mitsubishi,Colt,Berline,PrivateSeller,4500,b,100999,10-2010,https://prod.pictures.autoscout24.net/listing-images/3ea95069-797b-469f-b8e7-89a7040ca86b_4b452e6a-76be-4dca-9e7a-43ca7d2761a7.jpg/250x188.webp,1180,74.57281408996285,4451,13
d5944025-f719-42c7-aed3-bbb9cc207ffe,Mitsubishi,Montero,SUV/4x4/Pick-up,PrivateSeller,4500,d,260000,10-2001,https://prod.pictures.autoscout24.net/listing-images/d5944025-f719-42c7-aed3-bbb9cc207ffe_1695a007-6be6-4444-9077-e8cead7e6201.jpg/250x188.webp,1000,69.17270624549755,7738,90
810054c0-2685-4bd3-8d10-230151d74328,Mitsubishi,Pajero Pinin,SUV/4x4/Pick-up,Dealer,4700,b,163000,07-2001,https://prod.pictures.autoscout24.net/listing-images/810054c0-2685-4bd3-8d10-230151d74328_1f32b538-6cba-4d7e-b540-e23827d50ee1.jpg/250x188.webp,2100,27.421552979694752,7830,22
84113de4-1760-4ddb-a14b-0b2b8768f8a0,Mitsubishi,Pajero,Andere,Dealer,4750,d,130000,01-2004,https://prod.pictures.autoscout24.net/listing-images/84113de4-1760-4ddb-a14b-0b2b8768f8a0_ba39c727-a3cb-4801-8686-6b2beb83e8de.jpg/250x188.webp,1830,61.99821855231934,6916,70
31e949bc-d238-4914-9784-d72ecc68ea33,Mitsubishi,Colt,Cabriolet,Dealer,4800,b,148761,05-2007,https://prod.pictures.autoscout24.net/listing-images/31e949bc-d238-4914-9784-d72ecc68ea33_b0a89c65-d357-43dd-87ed-33d9daa7e0cd.jpg/250x188.webp,2300,36.751136569594,5700,2
fe789e67-b353-4d41-92ec-589cbcf88d8e,Mitsubishi,Pajero Sport,Andere,Dealer,4800,d,282064,10-1998,https://prod.pictures.autoscout24.net/listing-images/fe789e67-b353-4d41-92ec-589cbcf88d8e_47ec1652-4b8f-413c-a37b-17121c21a369.jpg/250x188.webp,1070,71.06367211068877,8834,50
93d4b218-0b67-467c-b77c-3073af570316,Mitsubishi,Colt,Cabriolet,Dealer,4850,b,135928,05-2007,https://prod.pictures.autoscout24.net/listing-images/93d4b218-0b67-467c-b77c-3073af570316_f4a5ea17-8567-4222-bad0-2b8f91167d40.jpg/250x188.webp,2300,36.751136569594,5700,2
09cdf6d5-bc8d-4574-91bc-7347eaf788fe,Mitsubishi,Pajero Sport,SUV/4x4/Pick-up,Dealer,4850,b,195000,05-2001,https://prod.pictures.autoscout24.net/listing-images/09cdf6d5-bc8d-4574-91bc-7347eaf788fe_e4736ec9-6e2c-4c01-9361-a916ca505732.jpg/250x188.webp,1700,70.90697373704198,7891,4
4a97cc93-f609-4ad2-a20a-e96ee5fdce81,Mitsubishi,Outlander,SUV/4x4/Pick-up,Dealer,4950,d,194000,10-2008,https://prod.pictures.autoscout24.net/listing-images/4a97cc93-f609-4ad2-a20a-e96ee5fdce81_483a95cf-ed20-400f-b546-aa8dcf40d1b8.jpg/250x188.webp,1750,76.75328563765976,5181,6
9603c0aa-e321-4a7d-b16c-ac6b7f2780e5,Mitsubishi,Pajero,SUV/4x4/Pick-up,Dealer,4999,d,240000,11-1988,https://prod.pictures.autoscout24.net/listing-images/9603c0aa-e321-4a7d-b16c-ac6b7f2780e5_e0c43c79-84b3-48ff-a46c-43642d8d4f54.jpg/250x188.webp,3630,102.97605198560623,12455,14
d76d7aa1-da18-405f-9e41-993a74052be4,Mitsubishi,Colt,Berline,Dealer,5000,b,68500,05-2011,https://prod.pictures.autoscout24.net/listing-images/d76d7aa1-da18-405f-9e41-993a74052be4_c8196904-4097-4f22-b815-2d253baf3f21.jpg/250x188.webp,9200,55.33414746561007,4239,1
dd996ca8-48e9-4405-9d52-46f23205599c,Mitsubishi,Colt,Berline,PrivateSeller,5000,b,76500,06-2011,https://prod.pictures.autoscout24.net/listing-images/dd996ca8-48e9-4405-9d52-46f23205599c_9faf9817-a889-40c1-b7e2-24fe6d68e499.jpg/250x188.webp,3290,63.35789588207048,4208,2
96f6c74d-25b0-4ee8-8d33-d0d57daa0e6f,Mitsubishi,Pajero Sport,SUV/4x4/Pick-up,Dealer,5000,d,224000,12-2002,https://prod.pictures.autoscout24.net/listing-images/96f6c74d-25b0-4ee8-8d33-d0d57daa0e6f_e4b7d7b1-c9ca-4fa9-af3f-4247e6325576.jpg/250x188.webp,1080,69.57979227671277,7312,3
a5265fbb-3279-4f44-b749-8536c6203e2b,Mitsubishi,Colt,Berline,PrivateSeller,5000,b,76300,04-2011,https://prod.pictures.autoscout24.net/listing-images/a5265fbb-3279-4f44-b749-8536c6203e2b_ca68aaa2-7efc-4da1-89e2-c2c346e5ae63.jpg/250x188.webp,3290,63.35789588207048,4269,21
eeba0e4b-4be9-443b-8042-33f942791141,Mitsubishi,Pajero Sport,Andere,Dealer,5200,b,260000,08-2004,https://prod.pictures.autoscout24.net/listing-images/eeba0e4b-4be9-443b-8042-33f942791141_56688ce2-0c57-44a6-a310-e1b106cf3d9f.jpg/250x188.webp,1000,69.17270624549755,6703,43
60fef9e5-6da9-4ee5-9fc2-f77c1f98b1ac,Mitsubishi,Pajero,SUV/4x4/Pick-up,Dealer,5200,d,230000,10-2004,https://prod.pictures.autoscout24.net/listing-images/60fef9e5-6da9-4ee5-9fc2-f77c1f98b1ac_5baf8089-cf85-422a-ac02-0bf543378778.jpg/250x188.webp,1780,63.273818071645216,6642,59
bee455af-925c-482e-a8a7-c67b9b16f23f,Mitsubishi,Pajero Sport,SUV/4x4/Pick-up,PrivateSeller,5300,d,241000,08-2006,https://prod.pictures.autoscout24.net/listing-images/bee455af-925c-482e-a8a7-c67b9b16f23f_3661fc13-aa17-4253-aa7c-50458e653ec5.jpg/250x188.webp,1700,70.90697373704198,5973,18
8adad275-465a-413a-9473-b3ca9ea54d2e,Mitsubishi,Canter,Bestelwagen,Dealer,5300,d,201245,10-2004,https://prod.pictures.autoscout24.net/listing-images/8adad275-465a-413a-9473-b3ca9ea54d2e_cdb9f832-9efb-4659-8a39-2a929e6518a8.jpg/250x188.webp,1080,69.57979227671277,6642,41
6a6d9ed1-5711-410a-833f-1cb1dcbe5c9e,Mitsubishi,Colt,Cabriolet,Dealer,5490,b,100000,05-2007,https://prod.pictures.autoscout24.net/listing-images/6a6d9ed1-5711-410a-833f-1cb1dcbe5c9e_2d2a0f70-c2f8-493b-96d5-df04195db090.jpg/250x188.webp,3600,91.05707630102727,5700,5
c85045fb-558e-4b74-9df2-5561ce5de4f6,Mitsubishi,Colt,Berline,PrivateSeller,5499,b,150000,12-2007,https://prod.pictures.autoscout24.net/listing-images/c85045fb-558e-4b74-9df2-5561ce5de4f6_580287aa-3ebb-4d96-ae0e-9629568428f5.jpg/250x188.webp,6042,115.26230394846887,5486,0
5f29d6e8-511b-4a79-90b0-1b30abae4960,Mitsubishi,Colt,Berline,Dealer,5500,b,128000,10-2010,https://prod.pictures.autoscout24.net/listing-images/5f29d6e8-511b-4a79-90b0-1b30abae4960_ba78931f-376c-482f-a5b4-58eb8a6e80ad.jpg/250x188.webp,1730,61.98157406185932,4451,5
a6628037-84a9-447f-9cef-1973a519d6e6,Mitsubishi,Pajero Sport,SUV/4x4/Pick-up,Dealer,5500,b,265000,04-2005,https://prod.pictures.autoscout24.net/listing-images/a6628037-84a9-447f-9cef-1973a519d6e6_dd3e91d0-d802-4171-b9ec-16ce48b3ed7c.jpg/250x188.webp,1000,69.17270624549755,6460,25
80a0452f-20a2-4173-b470-b37fc54d1fe5,Mitsubishi,Colt,Berline,Dealer,5500,b,99874,08-2011,https://prod.pictures.autoscout24.net/listing-images/80a0452f-20a2-4173-b470-b37fc54d1fe5_6828ef10-32b0-42ed-9f91-067940049ab2.jpg/250x188.webp,8560,116.79638105292675,4147,29
5c31cbdd-8194-4b1f-8af3-f9514a692e73,Mitsubishi,L300,Bestelwagen,Dealer,5500,d,198500,12-1998,https://prod.pictures.autoscout24.net/listing-images/5c31cbdd-8194-4b1f-8af3-f9514a692e73_59c26ac1-6a63-476d-b3c7-862a232afbec.jpg/250x188.webp,1080,69.57979227671277,8773,215
318e85da-6f43-4319-9327-461ec99f5026,Mitsubishi,Colt,Berline,Dealer,5600,b,28000,04-2011,https://prod.pictures.autoscout24.net/listing-images/318e85da-6f43-4319-9327-461ec99f5026_95f0ca2c-4cb2-41c5-bdbe-eeb4973e28e8.jpg/250x188.webp,1770,71.72306486218548,4269,4
633ad0ea-e010-45cb-83a7-7aa7ffc5deea,Mitsubishi,Colt,Cabriolet,PrivateSeller,5650,b,115000,04-2008,https://prod.pictures.autoscout24.net/listing-images/633ad0ea-e010-45cb-83a7-7aa7ffc5deea_33db340a-9c29-4d3c-9e1a-23601fbd4f37.jpg/250x188.webp,1180,74.57281408996285,5364,6
ce9e5a7a-2567-41b8-9695-eb4328c3b515,Mitsubishi,Pajero Sport,SUV/4x4/Pick-up,PrivateSeller,5750,d,259815,08-2003,https://prod.pictures.autoscout24.net/listing-images/ce9e5a7a-2567-41b8-9695-eb4328c3b515_e48683e3-c94a-445b-a4d2-dd0db91782b2.jpg/250x188.webp,4564,,7069,14
d353d849-64db-4d7b-8d5f-00bc3ddacf8f,Mitsubishi,Lancer,Berline,Dealer,5750,d,127000,05-2010,https://prod.pictures.autoscout24.net/listing-images/d353d849-64db-4d7b-8d5f-00bc3ddacf8f_f91058d2-87bd-4237-9dcb-87097bc9c54d.jpg/250x188.webp,4840,138.07709145022378,4604,29
6fbad895-dd63-448b-aaa4-d2f3c550de08,Mitsubishi,L200,SUV/4x4/Pick-up,Dealer,5750,d,157000,03-2005,https://prod.pictures.autoscout24.net/listing-images/6fbad895-dd63-448b-aaa4-d2f3c550de08_dc0cb3f0-7a8f-4774-a4a6-311203d0544c.jpg/250x188.webp,1830,61.99821855231934,6491,68
945bc09e-3bfa-4c39-b1d8-8befd7312a40,Mitsubishi,L200,Bestelwagen,Dealer,5850,d,204651,11-2003,https://prod.pictures.autoscout24.net/listing-images/945bc09e-3bfa-4c39-b1d8-8befd7312a40_cf31d9aa-5dc7-4839-aa26-3f407e5971a8.jpg/250x188.webp,1080,69.57979227671277,6977,13
7af78529-e21c-4b72-80c0-23fb5bc39e60,Mitsubishi,Colt,Berline,Dealer,5950,b,67244,04-2013,https://prod.pictures.autoscout24.net/listing-images/7af78529-e21c-4b72-80c0-23fb5bc39e60_cbbabfbc-bb5e-4c02-b31c-e82380fc2ec1.jpg/250x188.webp,2380,37.78558223701299,3538,29
2d566c02-76cf-4c7d-9642-a647acb97035,Mitsubishi,Pajero Sport,SUV/4x4/Pick-up,PrivateSeller,5950,d,230000,06-2005,https://prod.pictures.autoscout24.net/listing-images/2d566c02-76cf-4c7d-9642-a647acb97035_36933298-1abb-4015-a248-30de3464f717.jpg/250x188.webp,6940,144.48624639731975,6399,181
2366e571-dcde-4ef2-a217-1480a1244a68,Mitsubishi,Colt,Berline,Dealer,5990,b,28930,08-2010,https://prod.pictures.autoscout24.net/listing-images/2366e571-dcde-4ef2-a217-1480a1244a68_9b19d432-935f-4b30-a32b-697bf9470302.jpg/250x188.webp,5190,108.63324346377956,4512,7
92346a29-cf4f-466a-9053-9b09b93adf55,Mitsubishi,Lancer,Berline,Dealer,5999,d,176780,09-2011,https://prod.pictures.autoscout24.net/listing-images/92346a29-cf4f-466a-9053-9b09b93adf55_703b8af0-db67-4095-8056-45574b3d9f42.jpg/250x188.webp,4100,122.70999344916741,4116,7
ce6a521d-fce9-41f3-899a-f30795506ecc,Mitsubishi,Lancer,Berline,PrivateSeller,6000,d,165000,10-2008,https://prod.pictures.autoscout24.net/listing-images/ce6a521d-fce9-41f3-899a-f30795506ecc_22366dc1-6adc-4712-ae1b-b922e39269a2.jpg/250x188.webp,8400,110.03239888716801,5181,58
548933e6-8e77-4aa7-bdb7-d3752ced2be6,Mitsubishi,Pajero,SUV/4x4/Pick-up,Dealer,6000,d,170000,09-2004,https://prod.pictures.autoscout24.net/listing-images/548933e6-8e77-4aa7-bdb7-d3752ced2be6_6c3ad4e6-d37b-4ba4-92bb-cad21cdf397f.jpg/250x188.webp,1000,69.17270624549755,6672,90
7ec2ab83-9152-4f00-8f33-f885c0f81898,Mitsubishi,Pajero Sport,SUV/4x4/Pick-up,Dealer,6200,d,286000,11-2004,https://prod.pictures.autoscout24.net/listing-images/7ec2ab83-9152-4f00-8f33-f885c0f81898_5122f609-703d-4a64-ab49-48bb49059ca3.jpg/250x188.webp,1840,54.29299877782283,6611,42
30837a8f-fecb-4a90-a6cc-6672a01b1dcc,Mitsubishi,Space Star,Berline,Dealer,6499,b,64423,02-2015,https://prod.pictures.autoscout24.net/listing-images/30837a8f-fecb-4a90-a6cc-6672a01b1dcc_bf483d04-f48b-4003-8f94-26f8505b815f.jpg/250x188.webp,4460,114.8668906662163,2867,110
febf51f8-266e-4fd7-89fe-4a08dfd4a494,Mitsubishi,ASX,SUV/4x4/Pick-up,Dealer,6500,d,204314,06-2011,https://prod.pictures.autoscout24.net/listing-images/febf51f8-266e-4fd7-89fe-4a08dfd4a494_b02c7985-1c97-47cb-b69b-34a80490cfd4.jpg/250x188.webp,4100,122.70999344916741,4208,21
f482c117-6af2-4d6e-ba46-240926a2b41b,Mitsubishi,Colt,Stadswagen,PrivateSeller,6500,b,22126,07-2011,https://prod.pictures.autoscout24.net/listing-images/f482c117-6af2-4d6e-ba46-240926a2b41b_ef08d0a2-e7ca-490a-a23b-b3acfbe657b2.jpg/250x188.webp,3070,64.49129985396475,4178,45
2c4086fe-ea60-45fa-bf0e-2b4b95b701e0,Mitsubishi,Outlander,SUV/4x4/Pick-up,Dealer,6600,d,250000,03-2013,https://prod.pictures.autoscout24.net/listing-images/2c4086fe-ea60-45fa-bf0e-2b4b95b701e0_f1c23ff2-c21f-4cdf-aa09-d1e4cb25faaa.jpg/250x188.webp,1490,93.00820810919008,3569,19
dd452eb8-55ca-49ed-bef9-708709b3b3ab,Mitsubishi,Space Star,Berline,Dealer,6800,b,113040,01-2016,https://prod.pictures.autoscout24.net/listing-images/dd452eb8-55ca-49ed-bef9-708709b3b3ab_0cc01edf-b6c2-45c6-9e48-894810083539.jpg/250x188.webp,9572,86.43515787596036,2533,45
3166876c-275f-49d0-8780-3e48ed8101f5,Mitsubishi,L200,Andere,Dealer,6900,d,240000,06-2000,https://prod.pictures.autoscout24.net/listing-images/3166876c-275f-49d0-8780-3e48ed8101f5_7c66794f-d7ab-4a05-ab6e-c35bcf6aa883.jpg/250x188.webp,1600,78.61296004280759,8225,46
37b97acb-1d46-4254-8ad9-e93c56bad869,Mitsubishi,Space Star,Stadswagen,Dealer,6950,b,35165,08-2017,https://prod.pictures.autoscout24.net/listing-images/37b97acb-1d46-4254-8ad9-e93c56bad869_2a98324e-481f-4b2b-aa1d-995c0467a1c4.jpg/250x188.webp,3210,67.87427407895998,1955,7
3a075e08-5393-441c-82ea-5730cdb1d3e3,Mitsubishi,ASX,SUV/4x4/Pick-up,Dealer,6999,d,206000,01-2012,https://prod.pictures.autoscout24.net/listing-images/3a075e08-5393-441c-82ea-5730cdb1d3e3_88b0a4ed-9ae3-4f08-a10b-75aaf122fcb2.jpg/250x188.webp,1800,60.05560122441548,3994,33
a5bff358-3711-4333-ac3f-cc1625a14bd1,Mitsubishi,Attrage,Berline,Dealer,6999,b,52723,08-2016,https://prod.pictures.autoscout24.net/listing-images/a5bff358-3711-4333-ac3f-cc1625a14bd1_cbdd6be3-f2f3-4f10-ad0c-54e10574556a.jpg/250x188.webp,1620,76.4415139283917,2320,113
f03e4150-8689-4ddd-bf82-0198545473a8,Mitsubishi,L200,SUV/4x4/Pick-up,Dealer,7000,d,180000,09-2004,https://prod.pictures.autoscout24.net/listing-images/f03e4150-8689-4ddd-bf82-0198545473a8_170f1c97-454d-4a28-ae2d-c9f9631c434b.jpg/250x188.webp,1000,69.17270624549755,6672,10
bc153798-7211-45f9-8991-c4ba598eb257,Mitsubishi,L200,Bestelwagen,Dealer,7150,d,153000,06-1999,https://prod.pictures.autoscout24.net/listing-images/bc153798-7211-45f9-8991-c4ba598eb257_012870e5-4300-4f17-828e-702b957d2590.jpg/250x188.webp,1070,71.06367211068877,8591,171
af4b3e09-c9bd-4a51-be37-023eca20a0a6,Mitsubishi,Outlander,SUV/4x4/Pick-up,Dealer,7250,d,173175,12-2012,https://prod.pictures.autoscout24.net/listing-images/af4b3e09-c9bd-4a51-be37-023eca20a0a6_69e56029-2242-4b62-bd4d-46dc0ce5a4bb.jpg/250x188.webp,1910,61.06717284299515,3659,16
474abb5f-f707-440c-8a9b-7da29eda892a,Mitsubishi,L200,SUV/4x4/Pick-up,Dealer,7350,d,134500,03-2001,https://prod.pictures.autoscout24.net/listing-images/474abb5f-f707-440c-8a9b-7da29eda892a_19f6932a-ba80-4d54-a46b-22b368d55209.jpg/250x188.webp,1830,61.99821855231934,7952,6
99e8611e-8842-43fa-b054-6ae9b9e75c36,Mitsubishi,ASX,SUV/4x4/Pick-up,Dealer,7499,d,184000,03-2013,https://prod.pictures.autoscout24.net/listing-images/99e8611e-8842-43fa-b054-6ae9b9e75c36_2cd0e6d5-03b3-4fca-ae8a-e67eebce606b.jpg/250x188.webp,1400,97.35176357549375,3569,55
bd179dbb-4c65-4678-b9b9-c075f5a6d076,Mitsubishi,Lancer,Berline,PrivateSeller,7500,d,180000,09-2011,https://prod.pictures.autoscout24.net/listing-images/bd179dbb-4c65-4678-b9b9-c075f5a6d076_f92b13a3-3195-4b4d-bab0-80c7ffc8605a.jpg/250x188.webp,9220,46.7400187134896,4116,25
99f88a46-3a24-4b7e-bff5-61e4ae7534fe,Mitsubishi,Outlander,Monovolume,PrivateSeller,7500,d,170000,07-2010,https://prod.pictures.autoscout24.net/listing-images/99f88a46-3a24-4b7e-bff5-61e4ae7534fe_ca3f2202-4322-4a46-aca8-7c6bea0ed35d.jpg/250x188.webp,2328,23.153837018542642,4543,72
2685b5da-11a0-4c1f-991b-426865571d64,Mitsubishi,ASX,SUV/4x4/Pick-up,Dealer,7700,d,165000,06-2011,https://prod.pictures.autoscout24.net/listing-images/2685b5da-11a0-4c1f-991b-426865571d64_b484afd3-2075-4ca0-bfbb-4b45f587ffa7.jpg/250x188.webp,6560,131.1094961268063,4208,3
b09b6c8d-ffb2-49d8-928d-8efdae600bb1,Mitsubishi,ASX,SUV/4x4/Pick-up,Dealer,7850,d,144000,11-2011,https://prod.pictures.autoscout24.net/listing-images/b09b6c8d-ffb2-49d8-928d-8efdae600bb1_322fb866-1460-4229-82a7-19bdc7ef519a.jpg/250x188.webp,1730,61.98157406185932,4055,150
e19ec3c2-9016-43c8-9141-1d0868a1445d,Mitsubishi,,Bestelwagen,PrivateSeller,7900,d,240000,08-2008,https://prod.pictures.autoscout24.net/listing-images/e19ec3c2-9016-43c8-9141-1d0868a1445d_3443a126-911b-4868-8949-553ff11636b7.jpg/250x188.webp,6511,132.5701207724755,5242,84
0d7800f7-d051-418f-acd1-694d40173524,Mitsubishi,Canter,Andere,Dealer,7900,d,285000,05-1995,https://prod.pictures.autoscout24.net/listing-images/0d7800f7-d051-418f-acd1-694d40173524_0ff65fd3-d21b-4328-9123-b306fbd46072.jpg/250x188.webp,1840,54.29299877782283,10083,201
fba5008f-4d02-4780-8121-08a49da259ae,Mitsubishi,Pajero Sport,SUV/4x4/Pick-up,PrivateSeller,8000,d,150015,10-2006,https://prod.pictures.autoscout24.net/listing-images/fba5008f-4d02-4780-8121-08a49da259ae_35cec743-6f9b-4c53-8222-67065dbb8bfb.jpg/250x188.webp,7866,95.14638858048346,5912,34
1fee1e7e-fbe4-4ebd-8602-155da5a37d9f,Mitsubishi,Colt,Berline,Dealer,8000,b,115100,05-1983,https://prod.pictures.autoscout24.net/listing-images/1fee1e7e-fbe4-4ebd-8602-155da5a37d9f_d1fd7d83-018a-41e0-8890-2299816e5a73.jpg/250x188.webp,9200,55.33414746561007,14466,357
