guid,make,model,version,seller-type,price,fuel-type,mileage,first-reg-date,zip-code,images,distance,reg-age
f3abacc5-99cc-276f-e053-0100007fe5fd,Porsche,924,A,PrivateSeller,4000,b,60921,09-1979,3510,https://prod.pictures.autoscout24.net/listing-images/f3abacc5-99cc-276f-e053-0100007fe5fd_d309a104-d9d5-4283-abed-45a0e434a5cf.jpg/250x188.webp https://prod.pictures.autoscout24.net/listing-images/f3abacc5-99cc-276f-e053-0100007fe5fd_ad7cd307-0908-4c1b-a870-ce8ff6b12e07.jpg/250x188.webp https://prod.pictures.autoscout24.net/listing-images/f3abacc5-99cc-276f-e053-0100007fe5fd_ac482c7c-8e95-429e-93cc-daa03cd42439.jpg/250x188.webp https://prod.pictures.autoscout24.net/listing-images/f3abacc5-99cc-276f-e053-0100007fe5fd_b38b3936-b6b3-487b-8b8e-ba4f52472c9a.jpg/250x188.webp https://prod.pictures.autoscout24.net/listing-images/f3abacc5-99cc-276f-e053-0100007fe5fd_ae64cd84-0c64-4a38-96a2-d1fa38e36613.jpg/250x188.webp https://prod.pictures.autoscout24.net/listing-images/f3abacc5-99cc-276f-e053-0100007fe5fd_2e4ab1da-3217-4640-9577-3af988fc7db9.jpg/250x188.webp https://prod.pictures.autoscout24.net/listing-images/f3abacc5-99cc-276f-e053-0100007fe5fd_2d304d3b-c966-4673-a2fb-ce19d69df3b8.jpg/250x188.webp https://prod.pictures.autoscout24.net/listing-images/f3abacc5-99cc-276f-e053-0100007fe5fd_b1d07ce9-828d-4351-a91a-656f6617621b.jpg/250x188.webp https://prod.pictures.autoscout24.net/listing-images/f3abacc5-99cc-276f-e053-0100007fe5fd_3805a4b4-8a3a-4bcf-8085-d71976200099.jpg/250x188.webp https://prod.pictures.autoscout24.net/listing-images/f3abacc5-99cc-276f-e053-0100007fe5fd_0b1b58d5-b618-4fb2-8ba1-72a63f3ee516.jpg/250x188.webp https://prod.pictures.autoscout24.net/listing-images/f3abacc5-99cc-276f-e053-0100007fe5fd_d2c2f04f-6cdd-4034-b491-ec5a2e2f5af0.jpg/250x188.webp,78.62636142772035,15814
64e9edf7-17aa-4ce9-b433-1071321d25cc,Porsche,924,Turbo,PrivateSeller,4500,b,46937,01-1979,9690,https://prod.pictures.autoscout24.net/listing-images/64e9edf7-17aa-4ce9-b433-1071321d25cc_dc3ebe84-75ae-4094-bed9-6c5d92148b86.jpg/250x188.webp https://prod.pictures.autoscout24.net/listing-images/64e9edf7-17aa-4ce9-b433-1071321d25cc_da58d14b-1e47-4927-bf56-97e757ea8df8.jpg/250x188.webp https://prod.pictures.autoscout24.net/listing-images/64e9edf7-17aa-4ce9-b433-1071321d25cc_516d5dab-764c-4d92-a08a-b4573f07d22a.jpg/250x188.webp https://prod.pictures.autoscout24.net/listing-images/64e9edf7-17aa-4ce9-b433-1071321d25cc_e44c3b1e-581d-46b2-ae0f-2001e5848385.jpg/250x188.webp https://prod.pictures.autoscout24.net/listing-images/64e9edf7-17aa-4ce9-b433-1071321d25cc_6c5ae521-346b-4010-aab2-113c74a68f07.jpg/250x188.webp,100.95775759375138,16057
56426d84-b748-4689-8a5b-b430286572f3,Porsche,Cayenne,4500 Cc V8,Dealer,4999,b,219000,11-2003,1325,https://prod.pictures.autoscout24.net/listing-images/56426d84-b748-4689-8a5b-b430286572f3_bbaeb04d-0e65-4a9e-aaf7-8ec546433f6d.jpg/250x188.webp https://prod.pictures.autoscout24.net/listing-images/56426d84-b748-4689-8a5b-b430286572f3_dd8e86f9-0f10-4c65-a614-3fb078fdbba5.jpg/250x188.webp https://prod.pictures.autoscout24.net/listing-images/56426d84-b748-4689-8a5b-b430286572f3_3f067ddb-faab-4ab8-93a8-d5344e70ac44.jpg/250x188.webp https://prod.pictures.autoscout24.net/listing-images/56426d84-b748-4689-8a5b-b430286572f3_08a95718-d450-43b9-b929-4ec179aa94e6.jpg/250x188.webp https://prod.pictures.autoscout24.net/listing-images/56426d84-b748-4689-8a5b-b430286572f3_ecc26695-a0d7-4f0e-93bf-0566183e7646.jpg/250x188.webp https://prod.pictures.autoscout24.net/listing-images/56426d84-b748-4689-8a5b-b430286572f3_9168e764-df74-4a03-bacd-1c569b0bcab0.jpg/250x188.webp https://prod.pictures.autoscout24.net/listing-images/56426d84-b748-4689-8a5b-b430286572f3_856ab02f-4650-4473-a4a1-9a869c208492.jpg/250x188.webp https://prod.pictures.autoscout24.net/listing-images/56426d84-b748-4689-8a5b-b430286572f3_115ec73a-35d8-4d02-9f1f-85f9a07378b4.jpg/250x188.webp https://prod.pictures.autoscout24.net/listing-images/56426d84-b748-4689-8a5b-b430286572f3_9af1b59a-1e42-41c8-81cf-ce1f4fa4153b.jpg/250x188.webp https://prod.pictures.autoscout24.net/listing-images/56426d84-b748-4689-8a5b-b430286572f3_d355595f-1055-444b-a746-8b8049586752.jpg/250x188.webp,85.97978805911903,6987
5dd859c0-3136-4795-8cc7-f5414a239b27,Porsche,Cayenne,3.2 V6,PrivateSeller,5000,b,185000,04-2004,9940,https://prod.pictures.autoscout24.net/listing-images/5dd859c0-3136-4795-8cc7-f5414a239b27_2855ac49-9e2f-454a-aed0-1ff128eb7f22.jpg/250x188.webp https://prod.pictures.autoscout24.net/listing-images/5dd859c0-3136-4795-8cc7-f5414a239b27_174e2b9b-ecc5-4bf8-8c7f-e785a8d4be90.jpg/250x188.webp https://prod.pictures.autoscout24.net/listing-images/5dd859c0-3136-4795-8cc7-f5414a239b27_4f37bb23-46db-4caa-9a0d-19b7c231c491.jpg/250x188.webp https://prod.pictures.autoscout24.net/listing-images/5dd859c0-3136-4795-8cc7-f5414a239b27_e79303d5-a4dd-4bbe-acf9-ad20936998ff.jpg/250x188.webp https://prod.pictures.autoscout24.net/listing-images/5dd859c0-3136-4795-8cc7-f5414a239b27_0712a54f-21dc-4eec-a098-6072121c0d01.jpg/250x188.webp,62.66558746753047,6835
4dfda5f7-8057-4012-be96-cbf508ffb460,Porsche,924,"special edition ""Le Mans""",PrivateSeller,5000,b,148533,08-1980,2920,https://prod.pictures.autoscout24.net/listing-images/4dfda5f7-8057-4012-be96-cbf508ffb460_6ccc0e7a-0a80-47e2-881d-7ce863323790.jpg/250x188.webp https://prod.pictures.autoscout24.net/listing-images/4dfda5f7-8057-4012-be96-cbf508ffb460_4d9c3afb-feb6-41a9-ad0a-8d3f591454b8.jpg/250x188.webp https://prod.pictures.autoscout24.net/listing-images/4dfda5f7-8057-4012-be96-cbf508ffb460_b1afe081-e361-496a-9298-69450d299789.jpg/250x188.webp https://prod.pictures.autoscout24.net/listing-images/4dfda5f7-8057-4012-be96-cbf508ffb460_0dbbdabb-31b9-4a71-a0b2-1c64839492f8.jpg/250x188.webp https://prod.pictures.autoscout24.net/listing-images/4dfda5f7-8057-4012-be96-cbf508ffb460_99649b00-11dd-4aa3-9ff1-96aa2b273bef.jpg/250x188.webp https://prod.pictures.autoscout24.net/listing-images/4dfda5f7-8057-4012-be96-cbf508ffb460_6c08d70c-5962-4e0f-83be-41103ab01e7e.jpg/250x188.webp https://prod.pictures.autoscout24.net/listing-images/4dfda5f7-8057-4012-be96-cbf508ffb460_e2a37747-97fa-4b0d-99d9-cf6561165416.jpg/250x188.webp https://prod.pictures.autoscout24.net/listing-images/4dfda5f7-8057-4012-be96-cbf508ffb460_ae612c2d-3238-4499-8e70-1527bfd1ce9a.jpg/250x188.webp https://prod.pictures.autoscout24.net/listing-images/4dfda5f7-8057-4012-be96-cbf508ffb460_aac9fd6d-e2d6-4004-8321-49447967cbe2.jpg/250x188.webp https://prod.pictures.autoscout24.net/listing-images/4dfda5f7-8057-4012-be96-cbf508ffb460_2999da3e-77ef-4167-a608-4d05d845f34f.jpg/250x188.webp https://prod.pictures.autoscout24.net/listing-images/4dfda5f7-8057-4012-be96-cbf508ffb460_8008890c-bfa6-4e44-98e1-57a246c3e98a.jpg/250x188.webp https://prod.pictures.autoscout24.net/listing-images/4dfda5f7-8057-4012-be96-cbf508ffb460_0406d873-9b36-41d9-99c6-fa9e7016f101.jpg/250x188.webp https://prod.pictures.autoscout24.net/listing-images/4dfda5f7-8057-4012-be96-cbf508ffb460_ec1a4ff0-4d02-4245-b17b-9dd61b1803a8.jpg/250x188.webp https://prod.pictures.autoscout24.net/listing-images/4dfda5f7-8057-4012-be96-cbf508ffb460_6b3c1114-67d4-4222-8d94-375fec4a9140.jpg/250x188.webp https://prod.pictures.autoscout24.net/listing-images/4dfda5f7-8057-4012-be96-cbf508ffb460_79ac848e-939f-4960-afa4-5c28b4b63129.jpg/250x188.webp https://prod.pictures.autoscout24.net/listing-images/4dfda5f7-8057-4012-be96-cbf508ffb460_a9fab138-3f74-4ed6-93f3-580ae24a4dff.jpg/250x188.webp https://prod.pictures.autoscout24.net/listing-images/4dfda5f7-8057-4012-be96-cbf508ffb460_03e4e275-e558-4172-bd7a-4b34b2cae57a.jpg/250x188.webp https://prod.pictures.autoscout24.net/listing-images/4dfda5f7-8057-4012-be96-cbf508ffb460_33ab3a18-264c-4f60-b39f-9942dc35c788.jpg/250x188.webp,9.296058813361997,15479
71e18918-b875-4c4a-8cb5-637d27fe27fd,Porsche,Cayenne,4.5 Turbo V8 ENGINE PROBLEM,Dealer,5250,b,316000,02-2004,2300,https://prod.pictures.autoscout24.net/listing-images/71e18918-b875-4c4a-8cb5-637d27fe27fd_08fc53b1-e8fd-4a60-a234-df533528f445.jpg/250x188.webp https://prod.pictures.autoscout24.net/listing-images/71e18918-b875-4c4a-8cb5-637d27fe27fd_772d0d8e-3c7e-4027-991b-6dbb6053125f.jpg/250x188.webp https://prod.pictures.autoscout24.net/listing-images/71e18918-b875-4c4a-8cb5-637d27fe27fd_3c74c889-ee2a-4c6f-bc6f-ce0698440f2c.jpg/250x188.webp https://prod.pictures.autoscout24.net/listing-images/71e18918-b875-4c4a-8cb5-637d27fe27fd_7eb31481-c191-446e-b84b-499b4c1d2e13.jpg/250x188.webp https://prod.pictures.autoscout24.net/listing-images/71e18918-b875-4c4a-8cb5-637d27fe27fd_784b0b10-b5a4-4b52-b27d-352f3c2884f0.jpg/250x188.webp https://prod.pictures.autoscout24.net/listing-images/71e18918-b875-4c4a-8cb5-637d27fe27fd_b75a7100-775c-43b1-b796-cecf3f6c943f.jpg/250x188.webp https://prod.pictures.autoscout24.net/listing-images/71e18918-b875-4c4a-8cb5-637d27fe27fd_5e9d6ffb-ebf0-41a3-88bc-199370f89556.jpg/250x188.webp https://prod.pictures.autoscout24.net/listing-images/71e18918-b875-4c4a-8cb5-637d27fe27fd_3bf907ed-0699-4d4c-84ee-27a34e93746f.jpg/250x188.webp https://prod.pictures.autoscout24.net/listing-images/71e18918-b875-4c4a-8cb5-637d27fe27fd_f0a1331a-8304-476a-b300-d9975cb2f1b7.jpg/250x188.webp,36.751136569594,6895
07d53934-32d3-4cf0-bf4b-cc74f0c940fc,Porsche,944,TARGA CALIFORNIA INPORT run and srive,Dealer,5900,b,97000,01-1985,2030,https://prod.pictures.autoscout24.net/listing-images/07d53934-32d3-4cf0-bf4b-cc74f0c940fc_8a889f99-51f4-4844-9575-ef0cacb1e473.jpg/250x188.webp https://prod.pictures.autoscout24.net/listing-images/07d53934-32d3-4cf0-bf4b-cc74f0c940fc_58e24797-313a-498a-8db8-3533727931c5.jpg/250x188.webp https://prod.pictures.autoscout24.net/listing-images/07d53934-32d3-4cf0-bf4b-cc74f0c940fc_587b6d0f-7711-43a8-a733-fca02820925b.jpg/250x188.webp https://prod.pictures.autoscout24.net/listing-images/07d53934-32d3-4cf0-bf4b-cc74f0c940fc_82d8646d-fd1a-4435-8162-99b0a133aa12.jpg/250x188.webp https://prod.pictures.autoscout24.net/listing-images/07d53934-32d3-4cf0-bf4b-cc74f0c940fc_fa8d2ec5-66a7-4329-bf64-35e875a632e7.jpg/250x188.webp https://prod.pictures.autoscout24.net/listing-images/07d53934-32d3-4cf0-bf4b-cc74f0c940fc_da32dfe7-7bb8-4132-af15-b331aff30b10.jpg/250x188.webp https://prod.pictures.autoscout24.net/listing-images/07d53934-32d3-4cf0-bf4b-cc74f0c940fc_8e8709cf-61a2-4dc7-ba20-7e0b20440a83.jpg/250x188.webp https://prod.pictures.autoscout24.net/listing-images/07d53934-32d3-4cf0-bf4b-cc74f0c940fc_41b4afae-aaa7-48b7-a255-f511a458e885.jpg/250x188.webp https://prod.pictures.autoscout24.net/listing-images/07d53934-32d3-4cf0-bf4b-cc74f0c940fc_b443fd4e-990e-45a0-a3aa-e39e0494c57c.jpg/250x188.webp https://prod.pictures.autoscout24.net/listing-images/07d53934-32d3-4cf0-bf4b-cc74f0c940fc_7e886ce5-3f86-48fe-b12f-ce74b4347249.jpg/250x188.webp https://prod.pictures.autoscout24.net/listing-images/07d53934-32d3-4cf0-bf4b-cc74f0c940fc_e10e894f-a5e9-4f2a-8f9f-2b7f73e8d83a.jpg/250x188.webp,27.94913546724415,13865
a735b0f4-978a-4936-8e4a-1ddadd902f96,Porsche,924,Targa,PrivateSeller,6500,b,840,01-1978,3150,https://prod.pictures.autoscout24.net/listing-images/a735b0f4-978a-4936-8e4a-1ddadd902f96_d10539c3-9f25-416d-91b4-e8512e8f5118.jpg/250x188.webp https://prod.pictures.autoscout24.net/listing-images/a735b0f4-978a-4936-8e4a-1ddadd902f96_b295ca59-9f30-437f-9fef-638835749612.jpg/250x188.webp https://prod.pictures.autoscout24.net/listing-images/a735b0f4-978a-4936-8e4a-1ddadd902f96_bb71c77e-163c-42ae-a998-c2d1f2e875a2.jpg/250x188.webp https://prod.pictures.autoscout24.net/listing-images/a735b0f4-978a-4936-8e4a-1ddadd902f96_0d37ddc0-20d3-485e-8947-1cd3771ead48.jpg/250x188.webp https://prod.pictures.autoscout24.net/listing-images/a735b0f4-978a-4936-8e4a-1ddadd902f96_b571e353-df25-4679-8965-6044b4e45200.jpg/250x188.webp https://prod.pictures.autoscout24.net/listing-images/a735b0f4-978a-4936-8e4a-1ddadd902f96_df3398c2-b4b2-40c1-800d-35bf58a981d3.jpg/250x188.webp https://prod.pictures.autoscout24.net/listing-images/a735b0f4-978a-4936-8e4a-1ddadd902f96_89133d84-c31f-44a5-b881-692f263c706d.jpg/250x188.webp https://prod.pictures.autoscout24.net/listing-images/a735b0f4-978a-4936-8e4a-1ddadd902f96_6427715e-6bb1-4d3e-8733-e3acc170068b.jpg/250x188.webp https://prod.pictures.autoscout24.net/listing-images/a735b0f4-978a-4936-8e4a-1ddadd902f96_789b0e21-00bb-4f75-a004-fcb971c9e299.jpg/250x188.webp,57.64276308921818,16422
814f12a2-c048-4bcc-872f-314be6db14bd,Porsche,Cayenne,3.2i V6 24v Tiptronic // Export,Dealer,6700,b,224600,04-2006,1070,https://prod.pictures.autoscout24.net/listing-images/814f12a2-c048-4bcc-872f-314be6db14bd_20c3c961-9b4b-4f4f-88ef-d83b6ed2f8fc.jpg/250x188.webp https://prod.pictures.autoscout24.net/listing-images/814f12a2-c048-4bcc-872f-314be6db14bd_e6e46c93-de0f-457a-afb7-305e4e217341.jpg/250x188.webp https://prod.pictures.autoscout24.net/listing-images/814f12a2-c048-4bcc-872f-314be6db14bd_e226f662-68c5-4036-bc7c-f565434cdd63.jpg/250x188.webp https://prod.pictures.autoscout24.net/listing-images/814f12a2-c048-4bcc-872f-314be6db14bd_90733acb-ac48-4c0b-871a-4f5082d1c9a4.jpg/250x188.webp https://prod.pictures.autoscout24.net/listing-images/814f12a2-c048-4bcc-872f-314be6db14bd_b6c088dd-d7da-4de2-96d4-efcd2946a081.jpg/250x188.webp https://prod.pictures.autoscout24.net/listing-images/814f12a2-c048-4bcc-872f-314be6db14bd_80f1044c-0f43-457d-9fd8-8de650ae5982.jpg/250x188.webp https://prod.pictures.autoscout24.net/listing-images/814f12a2-c048-4bcc-872f-314be6db14bd_89a2b5ae-1412-4c54-9666-951906c023aa.jpg/250x188.webp https://prod.pictures.autoscout24.net/listing-images/814f12a2-c048-4bcc-872f-314be6db14bd_0628bfbc-9234-48ea-9577-d7013068330d.jpg/250x188.webp https://prod.pictures.autoscout24.net/listing-images/814f12a2-c048-4bcc-872f-314be6db14bd_74f25044-4710-493d-8375-4ef163440be0.jpg/250x188.webp https://prod.pictures.autoscout24.net/listing-images/814f12a2-c048-4bcc-872f-314be6db14bd_e5069804-7df1-4252-81d9-4c52cd84c872.jpg/250x188.webp https://prod.pictures.autoscout24.net/listing-images/814f12a2-c048-4bcc-872f-314be6db14bd_b714e559-80bf-4682-a78d-27f1ab563324.jpg/250x188.webp https://prod.pictures.autoscout24.net/listing-images/814f12a2-c048-4bcc-872f-314be6db14bd_503b6358-3a68-40a6-9294-56fdcb87d025.jpg/250x188.webp https://prod.pictures.autoscout24.net/listing-images/814f12a2-c048-4bcc-872f-314be6db14bd_263c1c76-bd91-4e51-9948-69489bdbf203.jpg/250x188.webp https://prod.pictures.autoscout24.net/listing-images/814f12a2-c048-4bcc-872f-314be6db14bd_ec889924-e18f-4552-934e-5679f46fa1cf.jpg/250x188.webp,71.06367211068877,6105
49aa2cff-fe52-4e01-a00a-6c97caf4e0c1,Porsche,944,,PrivateSeller,6750,b,130000,05-1983,9000,https://prod.pictures.autoscout24.net/listing-images/49aa2cff-fe52-4e01-a00a-6c97caf4e0c1_b861e677-c51f-4448-a457-c76da06d7dff.jpg/250x188.webp https://prod.pictures.autoscout24.net/listing-images/49aa2cff-fe52-4e01-a00a-6c97caf4e0c1_20d8239b-4368-4bce-9c1a-ac37795a5780.jpg/250x188.webp https://prod.pictures.autoscout24.net/listing-images/49aa2cff-fe52-4e01-a00a-6c97caf4e0c1_57befaaa-7ba8-47b9-bba1-5e7ea1b42fa2.jpg/250x188.webp https://prod.pictures.autoscout24.net/listing-images/49aa2cff-fe52-4e01-a00a-6c97caf4e0c1_9e469f6d-752c-48a8-88da-5e9729ba56ac.jpg/250x188.webp https://prod.pictures.autoscout24.net/listing-images/49aa2cff-fe52-4e01-a00a-6c97caf4e0c1_74e5e4f0-717a-4cfe-8497-441ef5512162.jpg/250x188.webp https://prod.pictures.autoscout24.net/listing-images/49aa2cff-fe52-4e01-a00a-6c97caf4e0c1_87b8025e-d34c-44b2-a2e3-55e66b654bb5.jpg/250x188.webp https://prod.pictures.autoscout24.net/listing-images/49aa2cff-fe52-4e01-a00a-6c97caf4e0c1_8442a2c4-7a6d-409b-ac2c-5da938698229.jpg/250x188.webp https://prod.pictures.autoscout24.net/listing-images/49aa2cff-fe52-4e01-a00a-6c97caf4e0c1_d40d33f0-9dbd-4817-b559-bc22dbf5f161.jpg/250x188.webp,69.99787275902874,14476
30b4918d-3fbd-4e53-b53f-adaa6627b21b,Porsche,944,,PrivateSeller,6800,b,241000,03-1986,7070,https://prod.pictures.autoscout24.net/listing-images/30b4918d-3fbd-4e53-b53f-adaa6627b21b_bd4e203d-7ee0-4572-a6fc-17d71f6d97c6.jpg/250x188.webp https://prod.pictures.autoscout24.net/listing-images/30b4918d-3fbd-4e53-b53f-adaa6627b21b_bbbe0452-25d0-45c1-bad3-b7bbea6de1e2.jpg/250x188.webp https://prod.pictures.autoscout24.net/listing-images/30b4918d-3fbd-4e53-b53f-adaa6627b21b_43feff0a-c7c0-45b9-8576-54ae8b908ad2.jpg/250x188.webp https://prod.pictures.autoscout24.net/listing-images/30b4918d-3fbd-4e53-b53f-adaa6627b21b_f1093a6b-9b20-4578-81b3-74ac6767d6d8.jpg/250x188.webp https://prod.pictures.autoscout24.net/listing-images/30b4918d-3fbd-4e53-b53f-adaa6627b21b_633f0efa-718b-478a-b6a7-437c0f16d7aa.jpg/250x188.webp https://prod.pictures.autoscout24.net/listing-images/30b4918d-3fbd-4e53-b53f-adaa6627b21b_17667b32-0aa6-4d8a-b227-382180bd8927.jpg/250x188.webp https://prod.pictures.autoscout24.net/listing-images/30b4918d-3fbd-4e53-b53f-adaa6627b21b_76d6d90f-a3ef-4178-81e8-8966d7760202.jpg/250x188.webp https://prod.pictures.autoscout24.net/listing-images/30b4918d-3fbd-4e53-b53f-adaa6627b21b_6625d54f-857d-4b57-9be5-0c8c4c411cd3.jpg/250x188.webp https://prod.pictures.autoscout24.net/listing-images/30b4918d-3fbd-4e53-b53f-adaa6627b21b_2f801c78-ba70-4fad-bf79-624f3902fc66.jpg/250x188.webp,113.31762247504234,13441
bb531b98-b1c3-4c56-9e00-7c872c000a6a,Porsche,Cayenne,3.2i V6 24v,PrivateSeller,6900,b,230000,10-2006,1390,https://prod.pictures.autoscout24.net/listing-images/bb531b98-b1c3-4c56-9e00-7c872c000a6a_627f6182-29f8-4834-b9ed-11dfbee8d0f7.jpg/250x188.webp https://prod.pictures.autoscout24.net/listing-images/bb531b98-b1c3-4c56-9e00-7c872c000a6a_b3015572-8833-49f1-9702-8f771bfb4414.jpg/250x188.webp https://prod.pictures.autoscout24.net/listing-images/bb531b98-b1c3-4c56-9e00-7c872c000a6a_265ca1cc-85ab-429c-a506-2d52d27e3424.jpg/250x188.webp https://prod.pictures.autoscout24.net/listing-images/bb531b98-b1c3-4c56-9e00-7c872c000a6a_5172b2f6-cb0c-4cf5-b88f-59e64a1c61ce.jpg/250x188.webp https://prod.pictures.autoscout24.net/listing-images/bb531b98-b1c3-4c56-9e00-7c872c000a6a_1358a11d-23e5-4a69-aedb-5cdf86863539.jpg/250x188.webp https://prod.pictures.autoscout24.net/listing-images/bb531b98-b1c3-4c56-9e00-7c872c000a6a_74d1ac24-7e62-4830-a5ec-207c394a914b.jpg/250x188.webp https://prod.pictures.autoscout24.net/listing-images/bb531b98-b1c3-4c56-9e00-7c872c000a6a_53044bb9-b507-431b-afc7-8629ad7375f5.jpg/250x188.webp https://prod.pictures.autoscout24.net/listing-images/bb531b98-b1c3-4c56-9e00-7c872c000a6a_c83ccb8d-e7c5-4599-a921-b25479e26c3b.jpg/250x188.webp https://prod.pictures.autoscout24.net/listing-images/bb531b98-b1c3-4c56-9e00-7c872c000a6a_f868ce7c-1628-4dae-bfa4-a6e4ff1854ed.jpg/250x188.webp https://prod.pictures.autoscout24.net/listing-images/bb531b98-b1c3-4c56-9e00-7c872c000a6a_0486be30-9b3a-4d1e-977b-bac78a1f1e22.jpg/250x188.webp https://prod.pictures.autoscout24.net/listing-images/bb531b98-b1c3-4c56-9e00-7c872c000a6a_7d003f56-fb26-4068-b298-8a57c8a80390.jpg/250x188.webp,80.41314824962016,5922
033a23a6-a2c8-4278-8ae8-8c9fb1382ea6,Porsche,924,targa 2.0,PrivateSeller,6924,b,47610,08-1985,5000,https://prod.pictures.autoscout24.net/listing-images/033a23a6-a2c8-4278-8ae8-8c9fb1382ea6_3c325cd6-8145-4d60-af1f-997a2d0124e7.jpg/250x188.webp https://prod.pictures.autoscout24.net/listing-images/033a23a6-a2c8-4278-8ae8-8c9fb1382ea6_383ff9b1-240c-43da-8a28-1db160246360.jpg/250x188.webp https://prod.pictures.autoscout24.net/listing-images/033a23a6-a2c8-4278-8ae8-8c9fb1382ea6_f643c317-63a6-4b5a-8478-56760c9049c2.jpg/250x188.webp https://prod.pictures.autoscout24.net/listing-images/033a23a6-a2c8-4278-8ae8-8c9fb1382ea6_be2304b6-7fdd-470f-bb58-973587bf8e1c.jpg/250x188.webp https://prod.pictures.autoscout24.net/listing-images/033a23a6-a2c8-4278-8ae8-8c9fb1382ea6_2327ee36-c5be-4d5a-8b29-c315a234ed84.jpg/250x188.webp https://prod.pictures.autoscout24.net/listing-images/033a23a6-a2c8-4278-8ae8-8c9fb1382ea6_50ce8e9e-9454-464d-91fe-42f8a0bea9f7.jpg/250x188.webp https://prod.pictures.autoscout24.net/listing-images/033a23a6-a2c8-4278-8ae8-8c9fb1382ea6_07a6912c-4344-4dbd-b273-03d04f35ea8a.jpg/250x188.webp,115.13665852422378,13653
d5a3826b-c12d-4dc9-8f90-581dd7b38120,Porsche,Cayenne,4.5 Turbo V8 32v Tiptronic S,Dealer,7500,b,170000,08-2003,1080,https://prod.pictures.autoscout24.net/listing-images/d5a3826b-c12d-4dc9-8f90-581dd7b38120_abd283ba-4b0e-4e59-8693-d9ac757a955a.jpg/250x188.webp https://prod.pictures.autoscout24.net/listing-images/d5a3826b-c12d-4dc9-8f90-581dd7b38120_4717f2d4-1eb0-4765-ab60-5352dab176c5.jpg/250x188.webp https://prod.pictures.autoscout24.net/listing-images/d5a3826b-c12d-4dc9-8f90-581dd7b38120_0985d7b7-432e-4baa-abe6-ebf8d7f0ded6.jpg/250x188.webp https://prod.pictures.autoscout24.net/listing-images/d5a3826b-c12d-4dc9-8f90-581dd7b38120_4b66b5e3-55ca-4ae3-bd73-9d8891786f78.jpg/250x188.webp https://prod.pictures.autoscout24.net/listing-images/d5a3826b-c12d-4dc9-8f90-581dd7b38120_b8818357-ce46-4cfc-9eff-40adacd4182f.jpg/250x188.webp https://prod.pictures.autoscout24.net/listing-images/d5a3826b-c12d-4dc9-8f90-581dd7b38120_2dbd04d1-4cfe-4da4-959b-128a502fbff6.jpg/250x188.webp https://prod.pictures.autoscout24.net/listing-images/d5a3826b-c12d-4dc9-8f90-581dd7b38120_74c2c5f1-db5d-4481-8c15-2db08ffc1df1.jpg/250x188.webp https://prod.pictures.autoscout24.net/listing-images/d5a3826b-c12d-4dc9-8f90-581dd7b38120_f3ea1df8-49de-4211-a460-bca7a276192e.jpg/250x188.webp https://prod.pictures.autoscout24.net/listing-images/d5a3826b-c12d-4dc9-8f90-581dd7b38120_0ac43331-163a-463a-ac77-e5c894d46b10.jpg/250x188.webp https://prod.pictures.autoscout24.net/listing-images/d5a3826b-c12d-4dc9-8f90-581dd7b38120_021dddc0-fd79-42b7-b371-64cc3304ad3d.jpg/250x188.webp https://prod.pictures.autoscout24.net/listing-images/d5a3826b-c12d-4dc9-8f90-581dd7b38120_5584439f-9de6-41a8-9667-0a718f1be268.jpg/250x188.webp https://prod.pictures.autoscout24.net/listing-images/d5a3826b-c12d-4dc9-8f90-581dd7b38120_2d07850c-b0cf-4d24-b3e2-15626b3fe2c0.jpg/250x188.webp https://prod.pictures.autoscout24.net/listing-images/d5a3826b-c12d-4dc9-8f90-581dd7b38120_2d45bd52-44eb-4ad2-a06c-2e51f768d36d.jpg/250x188.webp,69.57979227671277,7079
6a322b28-bbef-416e-b65f-3f5118de5cc9,Porsche,924,,PrivateSeller,8000,b,150000,05-1983,4020,https://prod.pictures.autoscout24.net/listing-images/6a322b28-bbef-416e-b65f-3f5118de5cc9_9e8cb0c5-a924-41f1-94f1-a764b96a854c.jpg/250x188.webp https://prod.pictures.autoscout24.net/listing-images/6a322b28-bbef-416e-b65f-3f5118de5cc9_39d0e3c6-0223-4324-8b81-4b3841992313.jpg/250x188.webp https://prod.pictures.autoscout24.net/listing-images/6a322b28-bbef-416e-b65f-3f5118de5cc9_b4c26152-e4d2-4bbc-b74c-f6ca15b1ff3e.jpg/250x188.webp https://prod.pictures.autoscout24.net/listing-images/6a322b28-bbef-416e-b65f-3f5118de5cc9_85606024-3b38-4bec-9e02-3048056144ea.jpg/250x188.webp,121.60247278825214,14476
03cbc221-2dfa-4ad2-b8ca-a89d46c4c486,Porsche,944,S1,PrivateSeller,8250,b,250000,06-1985,7100,https://prod.pictures.autoscout24.net/listing-images/03cbc221-2dfa-4ad2-b8ca-a89d46c4c486_794f9b23-b87e-457c-b565-411a5018c034.jpg/250x188.webp https://prod.pictures.autoscout24.net/listing-images/03cbc221-2dfa-4ad2-b8ca-a89d46c4c486_b6793266-911c-4665-ae48-6ccfef4d8114.jpg/250x188.webp https://prod.pictures.autoscout24.net/listing-images/03cbc221-2dfa-4ad2-b8ca-a89d46c4c486_b402c294-0513-4030-b8e7-e9bdad1b4fb9.jpg/250x188.webp https://prod.pictures.autoscout24.net/listing-images/03cbc221-2dfa-4ad2-b8ca-a89d46c4c486_13a5cebc-9faa-41a8-9c40-86d3a30e7ab7.jpg/250x188.webp https://prod.pictures.autoscout24.net/listing-images/03cbc221-2dfa-4ad2-b8ca-a89d46c4c486_cf125faf-0b3f-428f-9c07-eeea5f9fdf91.jpg/250x188.webp https://prod.pictures.autoscout24.net/listing-images/03cbc221-2dfa-4ad2-b8ca-a89d46c4c486_13b4d1cb-ae5a-469b-8227-9515bfa1f09a.jpg/250x188.webp https://prod.pictures.autoscout24.net/listing-images/03cbc221-2dfa-4ad2-b8ca-a89d46c4c486_73392248-82bb-457d-9457-9b9c93edff62.jpg/250x188.webp https://prod.pictures.autoscout24.net/listing-images/03cbc221-2dfa-4ad2-b8ca-a89d46c4c486_976fac09-c58d-4923-96c2-cdc7f279baca.jpg/250x188.webp https://prod.pictures.autoscout24.net/listing-images/03cbc221-2dfa-4ad2-b8ca-a89d46c4c486_f866951c-b8fe-4c27-9e53-6ca8b3a698ef.jpg/250x188.webp https://prod.pictures.autoscout24.net/listing-images/03cbc221-2dfa-4ad2-b8ca-a89d46c4c486_1cf72b7e-872f-46f0-90e9-d572253ac522.jpg/250x188.webp https://prod.pictures.autoscout24.net/listing-images/03cbc221-2dfa-4ad2-b8ca-a89d46c4c486_9af0ac69-0555-4ed1-984f-52d0a3086d6f.jpg/250x188.webp https://prod.pictures.autoscout24.net/listing-images/03cbc221-2dfa-4ad2-b8ca-a89d46c4c486_fd9c2d98-89a5-4e23-bd7b-b1ef4e755e7d.jpg/250x188.webp https://prod.pictures.autoscout24.net/listing-images/03cbc221-2dfa-4ad2-b8ca-a89d46c4c486_e95837f3-56a0-4402-bf11-664075a10f34.jpg/250x188.webp https://prod.pictures.autoscout24.net/listing-images/03cbc221-2dfa-4ad2-b8ca-a89d46c4c486_89bce54b-2550-458b-84cd-5047305ab8ba.jpg/250x188.webp,111.04432979756132,13714
2aef6c82-7bdd-4902-bd27-c722a8a26191,Porsche,924,S Exklusiv,Dealer,8400,b,104000,11-1980,1730,https://prod.pictures.autoscout24.net/listing-images/2aef6c82-7bdd-4902-bd27-c722a8a26191_495cd420-4ead-43da-8f83-9dfa1a5115a3.jpg/250x188.webp https://prod.pictures.autoscout24.net/listing-images/2aef6c82-7bdd-4902-bd27-c722a8a26191_c122cca0-5eff-43d1-ad99-9f1434d6a1eb.jpg/250x188.webp https://prod.pictures.autoscout24.net/listing-images/2aef6c82-7bdd-4902-bd27-c722a8a26191_3da40d38-0ece-41e6-82b9-0156164d11a4.jpg/250x188.webp https://prod.pictures.autoscout24.net/listing-images/2aef6c82-7bdd-4902-bd27-c722a8a26191_59aa7b9f-30df-4866-951f-20c2cb0813bc.jpg/250x188.webp https://prod.pictures.autoscout24.net/listing-images/2aef6c82-7bdd-4902-bd27-c722a8a26191_6c9bf96d-37e6-4525-a42f-c53d08b197e2.jpg/250x188.webp https://prod.pictures.autoscout24.net/listing-images/2aef6c82-7bdd-4902-bd27-c722a8a26191_4a0ed98a-95e9-4fc0-a195-3831e199dd32.jpg/250x188.webp https://prod.pictures.autoscout24.net/listing-images/2aef6c82-7bdd-4902-bd27-c722a8a26191_b68c3356-9c99-4a57-8aca-af6836e283ec.jpg/250x188.webp https://prod.pictures.autoscout24.net/listing-images/2aef6c82-7bdd-4902-bd27-c722a8a26191_9dc5fcc8-2a61-474b-aea1-698a4d739605.jpg/250x188.webp https://prod.pictures.autoscout24.net/listing-images/2aef6c82-7bdd-4902-bd27-c722a8a26191_10d704ba-6be2-4fcc-a7f3-a7ec9d4bb194.jpg/250x188.webp https://prod.pictures.autoscout24.net/listing-images/2aef6c82-7bdd-4902-bd27-c722a8a26191_a57591e2-b8d8-4606-8e49-10a13fae928e.jpg/250x188.webp https://prod.pictures.autoscout24.net/listing-images/2aef6c82-7bdd-4902-bd27-c722a8a26191_bb450d91-dcfa-4ab7-983e-40032ea138b4.jpg/250x188.webp,61.98157406185932,15387
254c2b9f-6f24-4223-8480-92059f6e780f,Porsche,944,,PrivateSeller,8500,b,146000,07-1984,7784,https://prod.pictures.autoscout24.net/listing-images/254c2b9f-6f24-4223-8480-92059f6e780f_b6baa66a-c662-410b-a0f1-7f29cc6436ac.jpg/250x188.webp https://prod.pictures.autoscout24.net/listing-images/254c2b9f-6f24-4223-8480-92059f6e780f_76466329-0cf3-407a-a002-1bb7329ba6ef.jpg/250x188.webp https://prod.pictures.autoscout24.net/listing-images/254c2b9f-6f24-4223-8480-92059f6e780f_80843be4-362f-467a-93dc-c1fc02f79663.jpg/250x188.webp https://prod.pictures.autoscout24.net/listing-images/254c2b9f-6f24-4223-8480-92059f6e780f_7e7249e6-09d6-45bb-98ef-0dbbd3cedeb3.jpg/250x188.webp https://prod.pictures.autoscout24.net/listing-images/254c2b9f-6f24-4223-8480-92059f6e780f_df8a764e-dbaf-407f-8252-d75b84d5a6ae.jpg/250x188.webp https://prod.pictures.autoscout24.net/listing-images/254c2b9f-6f24-4223-8480-92059f6e780f_937c8f50-16bd-417f-b120-0423809bbc79.jpg/250x188.webp,131.91459218053018,14049
563e5f02-03d1-401d-8e44-72a33e5dabd7,Porsche,Cayenne,3.2i V6 24v,PrivateSeller,8500,b,262000,09-2004,4000,https://prod.pictures.autoscout24.net/listing-images/563e5f02-03d1-401d-8e44-72a33e5dabd7_ce2bf355-6c76-4470-a9e6-a949fe320fad.jpg/250x188.webp https://prod.pictures.autoscout24.net/listing-images/563e5f02-03d1-401d-8e44-72a33e5dabd7_f7cadf13-dd3b-4479-887b-fd803ad06d0e.jpg/250x188.webp https://prod.pictures.autoscout24.net/listing-images/563e5f02-03d1-401d-8e44-72a33e5dabd7_3556fdbd-e0ff-493e-8680-9a85a52df865.jpg/250x188.webp https://prod.pictures.autoscout24.net/listing-images/563e5f02-03d1-401d-8e44-72a33e5dabd7_feeb3dd2-03cd-444a-a264-823652d416f4.jpg/250x188.webp https://prod.pictures.autoscout24.net/listing-images/563e5f02-03d1-401d-8e44-72a33e5dabd7_9c2b9da9-03e4-4a06-8b00-4ab12a8f480b.jpg/250x188.webp https://prod.pictures.autoscout24.net/listing-images/563e5f02-03d1-401d-8e44-72a33e5dabd7_edbf7c5d-16ae-40bd-b9e6-910980af8de2.jpg/250x188.webp https://prod.pictures.autoscout24.net/listing-images/563e5f02-03d1-401d-8e44-72a33e5dabd7_c243b531-9a78-41ef-81c3-ffd9b39ef0c8.jpg/250x188.webp,118.53949006185148,6682
e427c4ba-7465-48e2-8d57-d6f49becb1ae,Porsche,Cayenne,,PrivateSeller,8900,b,226198,02-2004,9000,https://prod.pictures.autoscout24.net/listing-images/e427c4ba-7465-48e2-8d57-d6f49becb1ae_57aed38a-dac8-486e-ab71-b7e048747311.jpg/250x188.webp https://prod.pictures.autoscout24.net/listing-images/e427c4ba-7465-48e2-8d57-d6f49becb1ae_3bdf355b-1388-4ff7-98ee-ab023f123034.jpg/250x188.webp https://prod.pictures.autoscout24.net/listing-images/e427c4ba-7465-48e2-8d57-d6f49becb1ae_6ff35c50-3290-42e7-8535-afc57c0a37a6.jpg/250x188.webp https://prod.pictures.autoscout24.net/listing-images/e427c4ba-7465-48e2-8d57-d6f49becb1ae_0e2a95e6-c2d9-4808-b2e8-87656cbb373a.jpg/250x188.webp https://prod.pictures.autoscout24.net/listing-images/e427c4ba-7465-48e2-8d57-d6f49becb1ae_ab81a6d0-2b9e-4c07-930a-b4b47cacfebc.jpg/250x188.webp https://prod.pictures.autoscout24.net/listing-images/e427c4ba-7465-48e2-8d57-d6f49becb1ae_ad626b51-7fa7-4786-804f-32e56297ed85.jpg/250x188.webp https://prod.pictures.autoscout24.net/listing-images/e427c4ba-7465-48e2-8d57-d6f49becb1ae_b26e3e99-0678-43f1-800c-248b4d084965.jpg/250x188.webp https://prod.pictures.autoscout24.net/listing-images/e427c4ba-7465-48e2-8d57-d6f49becb1ae_f4890d48-50fa-4f98-9615-241da1bb8abe.jpg/250x188.webp https://prod.pictures.autoscout24.net/listing-images/e427c4ba-7465-48e2-8d57-d6f49becb1ae_e7f6ea84-4f35-40ce-9cdf-7989948cddba.jpg/250x188.webp https://prod.pictures.autoscout24.net/listing-images/e427c4ba-7465-48e2-8d57-d6f49becb1ae_f825a476-7730-463c-801f-6a9300625f12.jpg/250x188.webp https://prod.pictures.autoscout24.net/listing-images/e427c4ba-7465-48e2-8d57-d6f49becb1ae_913b3701-0741-4b04-a2b8-1940c1311efd.jpg/250x188.webp https://prod.pictures.autoscout24.net/listing-images/e427c4ba-7465-48e2-8d57-d6f49becb1ae_3ccc550b-b505-4320-9325-2bdc928c2e55.jpg/250x188.webp https://prod.pictures.autoscout24.net/listing-images/e427c4ba-7465-48e2-8d57-d6f49becb1ae_08d37a82-e180-4846-97a1-efc4767037c0.jpg/250x188.webp https://prod.pictures.autoscout24.net/listing-images/e427c4ba-7465-48e2-8d57-d6f49becb1ae_cf0403da-a7f5-4654-b0fa-d67f59e74172.jpg/250x188.webp https://prod.pictures.autoscout24.net/listing-images/e427c4ba-7465-48e2-8d57-d6f49becb1ae_72ad3f08-cf72-4388-bcd6-19276283eee0.jpg/250x188.webp,69.99787275902874,6895
988168d2-7c38-450c-8118-e261da17ffaa,Porsche,Cayenne,3.2i V6 24v Tiptronic S,Dealer,8990,b,180442,01-2006,6182,https://prod.pictures.autoscout24.net/listing-images/988168d2-7c38-450c-8118-e261da17ffaa_8f4fff7b-7331-408e-95c1-3ee92bcd64b9.jpg/250x188.webp https://prod.pictures.autoscout24.net/listing-images/988168d2-7c38-450c-8118-e261da17ffaa_e88e1901-95fa-4aa0-8381-575f74ce6628.jpg/250x188.webp https://prod.pictures.autoscout24.net/listing-images/988168d2-7c38-450c-8118-e261da17ffaa_3aedd5bb-4261-43e2-83b4-6c2ab84dda48.jpg/250x188.webp https://prod.pictures.autoscout24.net/listing-images/988168d2-7c38-450c-8118-e261da17ffaa_b5743b9f-7e64-4c08-b680-44370cc40f21.jpg/250x188.webp https://prod.pictures.autoscout24.net/listing-images/988168d2-7c38-450c-8118-e261da17ffaa_07edb551-69cc-40e7-bdd7-bf719069e208.jpg/250x188.webp https://prod.pictures.autoscout24.net/listing-images/988168d2-7c38-450c-8118-e261da17ffaa_7f1b0c90-cde1-42f7-833e-4ccd7c766cd7.jpg/250x188.webp https://prod.pictures.autoscout24.net/listing-images/988168d2-7c38-450c-8118-e261da17ffaa_e6e6fd8f-d53b-484e-b477-d24afea9359e.jpg/250x188.webp https://prod.pictures.autoscout24.net/listing-images/988168d2-7c38-450c-8118-e261da17ffaa_65be3c4b-d0aa-4150-baed-bab4bc100a5f.jpg/250x188.webp https://prod.pictures.autoscout24.net/listing-images/988168d2-7c38-450c-8118-e261da17ffaa_bd6503b1-a42d-435c-9416-8860a856804c.jpg/250x188.webp https://prod.pictures.autoscout24.net/listing-images/988168d2-7c38-450c-8118-e261da17ffaa_79b85c13-4d1a-475c-9160-9f95a4c837b7.jpg/250x188.webp https://prod.pictures.autoscout24.net/listing-images/988168d2-7c38-450c-8118-e261da17ffaa_a7c3cf65-e8be-4d89-834a-7eebfe0984ee.jpg/250x188.webp https://prod.pictures.autoscout24.net/listing-images/988168d2-7c38-450c-8118-e261da17ffaa_fa03ab9e-c64d-4faa-a061-1bea4c5229b6.jpg/250x188.webp https://prod.pictures.autoscout24.net/listing-images/988168d2-7c38-450c-8118-e261da17ffaa_6c0440d1-bf3f-4dff-8692-7985a81084b7.jpg/250x188.webp https://prod.pictures.autoscout24.net/listing-images/988168d2-7c38-450c-8118-e261da17ffaa_9a770ca0-388c-41aa-8dcb-a716121decf9.jpg/250x188.webp,113.6696308986876,6195
d65d274e-2491-4729-889f-622536bda618,Porsche,Cayenne,3.2i V6 24v Tiptronic S,Dealer,8999,b,187497,01-2005,3570,https://prod.pictures.autoscout24.net/listing-images/d65d274e-2491-4729-889f-622536bda618_4bae79e9-fad5-439e-989b-7acd992da68f.jpg/250x188.webp https://prod.pictures.autoscout24.net/listing-images/d65d274e-2491-4729-889f-622536bda618_af551b75-77ec-4fef-a18a-8f80ec1633cc.jpg/250x188.webp https://prod.pictures.autoscout24.net/listing-images/d65d274e-2491-4729-889f-622536bda618_de510d34-e2aa-445a-9d24-5f6b57d71e7f.jpg/250x188.webp https://prod.pictures.autoscout24.net/listing-images/d65d274e-2491-4729-889f-622536bda618_a103913e-3bc0-4465-8ab4-5b79a5913460.jpg/250x188.webp https://prod.pictures.autoscout24.net/listing-images/d65d274e-2491-4729-889f-622536bda618_f8980398-ad05-4939-9a08-563943344c0a.jpg/250x188.webp https://prod.pictures.autoscout24.net/listing-images/d65d274e-2491-4729-889f-622536bda618_aca3e591-b720-42cb-bbfc-ea4ea905ee84.jpg/250x188.webp https://prod.pictures.autoscout24.net/listing-images/d65d274e-2491-4729-889f-622536bda618_678900fc-b0c5-418e-ba1d-9b1d43fb5544.jpg/250x188.webp https://prod.pictures.autoscout24.net/listing-images/d65d274e-2491-4729-889f-622536bda618_621b6c5c-9124-4c81-8d04-68590f008423.jpg/250x188.webp https://prod.pictures.autoscout24.net/listing-images/d65d274e-2491-4729-889f-622536bda618_86a44f23-16c5-4643-88a2-bc925ffcc1aa.jpg/250x188.webp https://prod.pictures.autoscout24.net/listing-images/d65d274e-2491-4729-889f-622536bda618_b416b067-8ade-4549-a205-cdad7f0747f3.jpg/250x188.webp https://prod.pictures.autoscout24.net/listing-images/d65d274e-2491-4729-889f-622536bda618_18db7bec-51a1-49c1-af30-99898e3cb9ba.jpg/250x188.webp https://prod.pictures.autoscout24.net/listing-images/d65d274e-2491-4729-889f-622536bda618_86f53876-ba50-4fcd-a4bd-7b6bff438f75.jpg/250x188.webp https://prod.pictures.autoscout24.net/listing-images/d65d274e-2491-4729-889f-622536bda618_82b30129-3df9-473e-a89d-35de77ef371b.jpg/250x188.webp https://prod.pictures.autoscout24.net/listing-images/d65d274e-2491-4729-889f-622536bda618_f15f82b3-f048-4b73-9096-0e958cf8b2f5.jpg/250x188.webp https://prod.pictures.autoscout24.net/listing-images/d65d274e-2491-4729-889f-622536bda618_095ffc7a-bb8b-47e5-a09f-4e264e6a2b66.jpg/250x188.webp,87.98207706376526,6560
51b7cd87-7f32-4f87-8369-b98a29656a76,Porsche,Cayenne,S Tiptronic  S 4.5i V8 32v Tiptronic S LPG,Dealer,8999,b,347000,07-2005,3630,https://prod.pictures.autoscout24.net/listing-images/51b7cd87-7f32-4f87-8369-b98a29656a76_4eba366c-989c-440d-ad83-a55771676ef7.jpg/250x188.webp https://prod.pictures.autoscout24.net/listing-images/51b7cd87-7f32-4f87-8369-b98a29656a76_96dcffc5-6599-4173-9bd3-757db8f9f26f.jpg/250x188.webp https://prod.pictures.autoscout24.net/listing-images/51b7cd87-7f32-4f87-8369-b98a29656a76_e445f00f-8dbe-452d-b700-7baf63ac2a09.jpg/250x188.webp https://prod.pictures.autoscout24.net/listing-images/51b7cd87-7f32-4f87-8369-b98a29656a76_67517100-2213-4f8b-8c4f-d17835a33e61.jpg/250x188.webp https://prod.pictures.autoscout24.net/listing-images/51b7cd87-7f32-4f87-8369-b98a29656a76_14c73169-8004-4f5c-bc3d-bd1f7d0b9f32.jpg/250x188.webp https://prod.pictures.autoscout24.net/listing-images/51b7cd87-7f32-4f87-8369-b98a29656a76_ff5feda3-becb-415d-9cda-11b7ca4adedf.jpg/250x188.webp https://prod.pictures.autoscout24.net/listing-images/51b7cd87-7f32-4f87-8369-b98a29656a76_a906b288-a31c-4231-a55f-50019f1e2ba8.jpg/250x188.webp https://prod.pictures.autoscout24.net/listing-images/51b7cd87-7f32-4f87-8369-b98a29656a76_ceb0dbc3-2cf5-4207-a0b5-852ee0508669.jpg/250x188.webp https://prod.pictures.autoscout24.net/listing-images/51b7cd87-7f32-4f87-8369-b98a29656a76_4c66c243-3a09-45db-9a81-d82374bad68c.jpg/250x188.webp https://prod.pictures.autoscout24.net/listing-images/51b7cd87-7f32-4f87-8369-b98a29656a76_d166eff0-7822-425a-83a0-a6f952fab83c.jpg/250x188.webp,102.97605198560623,6379
45923b50-e4a2-46c2-a3f6-1de46edb9a0d,Porsche,Cayenne,3.0 Turbo D V6 DPF Tiptronic S,Dealer,8999,d,282498,05-2009,1400,https://prod.pictures.autoscout24.net/listing-images/45923b50-e4a2-46c2-a3f6-1de46edb9a0d_fd9a2da5-52aa-4fd4-9e77-54c6a7049882.jpg/250x188.webp https://prod.pictures.autoscout24.net/listing-images/45923b50-e4a2-46c2-a3f6-1de46edb9a0d_9cab491e-d789-411d-8869-c24e399c0cc9.jpg/250x188.webp https://prod.pictures.autoscout24.net/listing-images/45923b50-e4a2-46c2-a3f6-1de46edb9a0d_52805820-149e-4cfc-b4df-a35d24d831ad.jpg/250x188.webp https://prod.pictures.autoscout24.net/listing-images/45923b50-e4a2-46c2-a3f6-1de46edb9a0d_1dc8247b-15ed-4536-aa9c-aff17819a722.jpg/250x188.webp https://prod.pictures.autoscout24.net/listing-images/45923b50-e4a2-46c2-a3f6-1de46edb9a0d_bff0d48c-4d50-4101-bf20-6337debb6cb6.jpg/250x188.webp https://prod.pictures.autoscout24.net/listing-images/45923b50-e4a2-46c2-a3f6-1de46edb9a0d_46377c71-df2a-4444-9219-6ad3add04ff7.jpg/250x188.webp https://prod.pictures.autoscout24.net/listing-images/45923b50-e4a2-46c2-a3f6-1de46edb9a0d_dd962842-e3e8-48c6-bbda-675e27f075d2.jpg/250x188.webp https://prod.pictures.autoscout24.net/listing-images/45923b50-e4a2-46c2-a3f6-1de46edb9a0d_c0c7cce2-e1aa-418b-a9f6-d8c58f0a8df6.jpg/250x188.webp https://prod.pictures.autoscout24.net/listing-images/45923b50-e4a2-46c2-a3f6-1de46edb9a0d_65f69ae5-addc-43c9-8a90-71b2d7d83325.jpg/250x188.webp https://prod.pictures.autoscout24.net/listing-images/45923b50-e4a2-46c2-a3f6-1de46edb9a0d_5bb0614f-1bc8-4b8b-b1c0-e4304d53812a.jpg/250x188.webp https://prod.pictures.autoscout24.net/listing-images/45923b50-e4a2-46c2-a3f6-1de46edb9a0d_0d29edf0-3346-482e-9aea-0f2f405b9b95.jpg/250x188.webp https://prod.pictures.autoscout24.net/listing-images/45923b50-e4a2-46c2-a3f6-1de46edb9a0d_a66436e2-8666-46c0-8a5f-cc9c46f22b69.jpg/250x188.webp https://prod.pictures.autoscout24.net/listing-images/45923b50-e4a2-46c2-a3f6-1de46edb9a0d_481620d4-e356-4f7d-8f19-fe8b7f6ed5b4.jpg/250x188.webp https://prod.pictures.autoscout24.net/listing-images/45923b50-e4a2-46c2-a3f6-1de46edb9a0d_860e9d5c-c38b-4b37-9a99-b5ab48aaef85.jpg/250x188.webp https://prod.pictures.autoscout24.net/listing-images/45923b50-e4a2-46c2-a3f6-1de46edb9a0d_855af3ec-32a6-40cd-b08c-ea5bf831769d.jpg/250x188.webp https://prod.pictures.autoscout24.net/listing-images/45923b50-e4a2-46c2-a3f6-1de46edb9a0d_2176b136-41d9-4cf2-a0d6-aaf38a56ea80.jpg/250x188.webp https://prod.pictures.autoscout24.net/listing-images/45923b50-e4a2-46c2-a3f6-1de46edb9a0d_4402ba18-5b9d-47f7-a576-7ca8f62efcba.jpg/250x188.webp https://prod.pictures.autoscout24.net/listing-images/45923b50-e4a2-46c2-a3f6-1de46edb9a0d_2cc68c68-3d90-47d5-bc07-57fbb43e9218.jpg/250x188.webp https://prod.pictures.autoscout24.net/listing-images/45923b50-e4a2-46c2-a3f6-1de46edb9a0d_ed45f4a9-01c6-44fb-a0ed-7ecaee306f36.jpg/250x188.webp,97.35176357549375,4979
ab5c1ff8-877c-4654-a264-eeb5f4f5b24d,Porsche,930,924,PrivateSeller,9000,b,99200,06-1981,6040,https://prod.pictures.autoscout24.net/listing-images/ab5c1ff8-877c-4654-a264-eeb5f4f5b24d_84924888-1fb6-4352-b157-2d9d1614a953.jpg/250x188.webp https://prod.pictures.autoscout24.net/listing-images/ab5c1ff8-877c-4654-a264-eeb5f4f5b24d_b1529c80-f1c9-431d-8d46-ee8222f14828.jpg/250x188.webp https://prod.pictures.autoscout24.net/listing-images/ab5c1ff8-877c-4654-a264-eeb5f4f5b24d_c5a45729-8d23-4b1d-b872-3accf7ef7af2.jpg/250x188.webp https://prod.pictures.autoscout24.net/listing-images/ab5c1ff8-877c-4654-a264-eeb5f4f5b24d_30eef292-056c-4343-a7ed-eb9bdfa4f3f9.jpg/250x188.webp https://prod.pictures.autoscout24.net/listing-images/ab5c1ff8-877c-4654-a264-eeb5f4f5b24d_3e96aec1-2c79-498c-982a-09c1ff637358.jpg/250x188.webp https://prod.pictures.autoscout24.net/listing-images/ab5c1ff8-877c-4654-a264-eeb5f4f5b24d_ae86319c-4163-4705-9ddd-4340594314bf.jpg/250x188.webp https://prod.pictures.autoscout24.net/listing-images/ab5c1ff8-877c-4654-a264-eeb5f4f5b24d_6b976cec-7e41-4fad-9827-6be277692fa9.jpg/250x188.webp https://prod.pictures.autoscout24.net/listing-images/ab5c1ff8-877c-4654-a264-eeb5f4f5b24d_14335d4e-dfa8-4c43-b18e-a9846759977c.jpg/250x188.webp,114.0742701643821,15175
2c15103c-1286-4ab5-bb58-71aa6aa0f11c,Porsche,944,targa (vend/échange),PrivateSeller,9200,b,192100,09-1986,7330,https://prod.pictures.autoscout24.net/listing-images/2c15103c-1286-4ab5-bb58-71aa6aa0f11c_2a39d164-b0b5-4a2a-a7bb-79e688678b3d.jpg/250x188.webp https://prod.pictures.autoscout24.net/listing-images/2c15103c-1286-4ab5-bb58-71aa6aa0f11c_a9ea44d9-8a68-4baa-8b2b-361ccb9c2718.jpg/250x188.webp https://prod.pictures.autoscout24.net/listing-images/2c15103c-1286-4ab5-bb58-71aa6aa0f11c_a412eb40-082f-49b8-9570-ebde5d769d50.jpg/250x188.webp https://prod.pictures.autoscout24.net/listing-images/2c15103c-1286-4ab5-bb58-71aa6aa0f11c_57c8089c-3d8e-4efe-9a1a-f23379a87634.jpg/250x188.webp https://prod.pictures.autoscout24.net/listing-images/2c15103c-1286-4ab5-bb58-71aa6aa0f11c_8b58a956-1c90-48ac-9dca-67026b5240b5.jpg/250x188.webp https://prod.pictures.autoscout24.net/listing-images/2c15103c-1286-4ab5-bb58-71aa6aa0f11c_b602d49e-ef7e-4119-967d-b648f0103794.jpg/250x188.webp https://prod.pictures.autoscout24.net/listing-images/2c15103c-1286-4ab5-bb58-71aa6aa0f11c_c105e141-0dee-4b6d-ae0d-bd573a5535e0.jpg/250x188.webp https://prod.pictures.autoscout24.net/listing-images/2c15103c-1286-4ab5-bb58-71aa6aa0f11c_1c2b4ba0-d8f6-460c-bc5e-e2c78c8ca240.jpg/250x188.webp https://prod.pictures.autoscout24.net/listing-images/2c15103c-1286-4ab5-bb58-71aa6aa0f11c_93e08609-0b4a-4f5c-a38d-f9c4c1bf5865.jpg/250x188.webp https://prod.pictures.autoscout24.net/listing-images/2c15103c-1286-4ab5-bb58-71aa6aa0f11c_e34355c7-5dae-45a6-813a-c160c9390a7e.jpg/250x188.webp,122.18539886887184,13257
a9c2c6bb-156e-4e52-aaba-cd8f1471cc1a,Porsche,944,2.5L / Véhicule BELGE / Historique / CarPass /,Dealer,9490,b,78000,04-1983,7170,https://prod.pictures.autoscout24.net/listing-images/a9c2c6bb-156e-4e52-aaba-cd8f1471cc1a_c33b061a-fd51-4cce-87cc-4cb217b790c5.jpg/250x188.webp https://prod.pictures.autoscout24.net/listing-images/a9c2c6bb-156e-4e52-aaba-cd8f1471cc1a_7f1435ed-9881-4f11-850f-44b88d121855.jpg/250x188.webp https://prod.pictures.autoscout24.net/listing-images/a9c2c6bb-156e-4e52-aaba-cd8f1471cc1a_1d8d9e55-bc8a-4406-b67c-5190d6560522.jpg/250x188.webp https://prod.pictures.autoscout24.net/listing-images/a9c2c6bb-156e-4e52-aaba-cd8f1471cc1a_b177711e-1b02-4f87-8f36-37b73cd86f28.jpg/250x188.webp https://prod.pictures.autoscout24.net/listing-images/a9c2c6bb-156e-4e52-aaba-cd8f1471cc1a_b634709d-5a27-48cb-aebe-65bbd86b49d2.jpg/250x188.webp https://prod.pictures.autoscout24.net/listing-images/a9c2c6bb-156e-4e52-aaba-cd8f1471cc1a_b742f688-11ff-4be9-9bf0-5e9611336bd4.jpg/250x188.webp https://prod.pictures.autoscout24.net/listing-images/a9c2c6bb-156e-4e52-aaba-cd8f1471cc1a_4bab5f2f-a524-4072-8645-3df93a649d29.jpg/250x188.webp https://prod.pictures.autoscout24.net/listing-images/a9c2c6bb-156e-4e52-aaba-cd8f1471cc1a_7780b273-c754-4ddd-955a-c19ec37e0ea6.jpg/250x188.webp https://prod.pictures.autoscout24.net/listing-images/a9c2c6bb-156e-4e52-aaba-cd8f1471cc1a_e77e8813-71be-428f-9118-fe9f66641a97.jpg/250x188.webp,108.4792868516476,14506
9ea35700-12ed-4407-ab9e-d49b9ef33e46,Porsche,Cayenne,4.5i V8 32v S Tiptronic,Dealer,9900,b,189029,03-2005,6840,https://prod.pictures.autoscout24.net/listing-images/9ea35700-12ed-4407-ab9e-d49b9ef33e46_8f931a2e-e839-4263-91e5-a20a0feabb0b.jpg/250x188.webp https://prod.pictures.autoscout24.net/listing-images/9ea35700-12ed-4407-ab9e-d49b9ef33e46_5e9d0ac5-19ac-4292-834e-cd8850552cef.jpg/250x188.webp https://prod.pictures.autoscout24.net/listing-images/9ea35700-12ed-4407-ab9e-d49b9ef33e46_da09c40f-4528-427f-a15c-8dfa924cd119.jpg/250x188.webp https://prod.pictures.autoscout24.net/listing-images/9ea35700-12ed-4407-ab9e-d49b9ef33e46_fd66f6e7-9b0d-47bd-a127-f7d248b99147.jpg/250x188.webp https://prod.pictures.autoscout24.net/listing-images/9ea35700-12ed-4407-ab9e-d49b9ef33e46_1dcefa6a-c747-4d26-9e36-bd266cda8cc8.jpg/250x188.webp https://prod.pictures.autoscout24.net/listing-images/9ea35700-12ed-4407-ab9e-d49b9ef33e46_0cfbbfee-c505-4827-8ee0-afe6e77d131d.jpg/250x188.webp https://prod.pictures.autoscout24.net/listing-images/9ea35700-12ed-4407-ab9e-d49b9ef33e46_851ced2c-786c-46c1-831a-362cbac5ad3f.jpg/250x188.webp https://prod.pictures.autoscout24.net/listing-images/9ea35700-12ed-4407-ab9e-d49b9ef33e46_12429496-5f50-4360-a39c-827bff946728.jpg/250x188.webp https://prod.pictures.autoscout24.net/listing-images/9ea35700-12ed-4407-ab9e-d49b9ef33e46_a7c606c0-566a-4624-bb56-1163162fbc0c.jpg/250x188.webp https://prod.pictures.autoscout24.net/listing-images/9ea35700-12ed-4407-ab9e-d49b9ef33e46_3a30bdff-25ed-4363-86aa-5f5a80f0b3ac.jpg/250x188.webp https://prod.pictures.autoscout24.net/listing-images/9ea35700-12ed-4407-ab9e-d49b9ef33e46_991a9994-4734-40b6-8aa9-098981b5d5bd.jpg/250x188.webp https://prod.pictures.autoscout24.net/listing-images/9ea35700-12ed-4407-ab9e-d49b9ef33e46_20d5ec7a-bb69-4084-b4fa-4c3bf54d0983.jpg/250x188.webp https://prod.pictures.autoscout24.net/listing-images/9ea35700-12ed-4407-ab9e-d49b9ef33e46_8a4d16b6-56d3-4655-999a-f04707ddb3cb.jpg/250x188.webp https://prod.pictures.autoscout24.net/listing-images/9ea35700-12ed-4407-ab9e-d49b9ef33e46_750790d8-eb0c-443c-a4c6-17f636cfc575.jpg/250x188.webp https://prod.pictures.autoscout24.net/listing-images/9ea35700-12ed-4407-ab9e-d49b9ef33e46_e79a00d6-893c-40ba-a97d-c34705ff7bed.jpg/250x188.webp https://prod.pictures.autoscout24.net/listing-images/9ea35700-12ed-4407-ab9e-d49b9ef33e46_06a75349-546f-429c-a520-1e4dd3336089.jpg/250x188.webp,191.08824841558032,6501
d3bbc24d-bbbd-4488-b046-c2e200499770,Porsche,Cayenne,4.5i V8 32v S Tiptronic/ LUCHTVERING / MEMORYSEATS,Dealer,9999,b,202730,02-2006,9280,https://prod.pictures.autoscout24.net/listing-images/d3bbc24d-bbbd-4488-b046-c2e200499770_37c543c5-f913-4906-9382-5bcfb3905889.jpg/250x188.webp https://prod.pictures.autoscout24.net/listing-images/d3bbc24d-bbbd-4488-b046-c2e200499770_b45679d7-0da4-48f1-af19-471123efc1bc.jpg/250x188.webp https://prod.pictures.autoscout24.net/listing-images/d3bbc24d-bbbd-4488-b046-c2e200499770_00a3860d-3295-4607-9d61-8a5c42f7f6b0.jpg/250x188.webp https://prod.pictures.autoscout24.net/listing-images/d3bbc24d-bbbd-4488-b046-c2e200499770_3fa626d8-0dde-4a6f-b667-38a03c1f2509.jpg/250x188.webp https://prod.pictures.autoscout24.net/listing-images/d3bbc24d-bbbd-4488-b046-c2e200499770_7222d59c-599d-4310-a3d2-9958de4889e3.jpg/250x188.webp https://prod.pictures.autoscout24.net/listing-images/d3bbc24d-bbbd-4488-b046-c2e200499770_e4bedaf6-4737-4978-8c83-005dda95b3ce.jpg/250x188.webp https://prod.pictures.autoscout24.net/listing-images/d3bbc24d-bbbd-4488-b046-c2e200499770_bda6496e-65c6-4568-b028-133c9845a3d8.jpg/250x188.webp https://prod.pictures.autoscout24.net/listing-images/d3bbc24d-bbbd-4488-b046-c2e200499770_27f2a4cb-f1d7-4d65-8cd4-f85addec0839.jpg/250x188.webp https://prod.pictures.autoscout24.net/listing-images/d3bbc24d-bbbd-4488-b046-c2e200499770_552d3743-d332-4d2a-a42d-383b22cb67d6.jpg/250x188.webp https://prod.pictures.autoscout24.net/listing-images/d3bbc24d-bbbd-4488-b046-c2e200499770_54b6d606-203a-428b-9a5a-d7f57e2c840e.jpg/250x188.webp https://prod.pictures.autoscout24.net/listing-images/d3bbc24d-bbbd-4488-b046-c2e200499770_7c66ecef-a902-4bb2-9517-0bc71cfc228a.jpg/250x188.webp https://prod.pictures.autoscout24.net/listing-images/d3bbc24d-bbbd-4488-b046-c2e200499770_41113942-840a-4114-b994-ccd812234a6a.jpg/250x188.webp https://prod.pictures.autoscout24.net/listing-images/d3bbc24d-bbbd-4488-b046-c2e200499770_b604d0e1-0824-4297-b2e8-03e4cfd79421.jpg/250x188.webp https://prod.pictures.autoscout24.net/listing-images/d3bbc24d-bbbd-4488-b046-c2e200499770_59e67a46-a72f-4078-8c02-445fd653dd18.jpg/250x188.webp https://prod.pictures.autoscout24.net/listing-images/d3bbc24d-bbbd-4488-b046-c2e200499770_5ea8544d-e3b7-4497-b837-3dc412384734.jpg/250x188.webp https://prod.pictures.autoscout24.net/listing-images/d3bbc24d-bbbd-4488-b046-c2e200499770_8dc49029-74c5-4b9f-974f-a6f7bb4e48b9.jpg/250x188.webp https://prod.pictures.autoscout24.net/listing-images/d3bbc24d-bbbd-4488-b046-c2e200499770_32a61077-e60b-42e2-a36c-147dbf542db5.jpg/250x188.webp https://prod.pictures.autoscout24.net/listing-images/d3bbc24d-bbbd-4488-b046-c2e200499770_d645e5a7-87f2-4211-85ce-c5def32162e3.jpg/250x188.webp https://prod.pictures.autoscout24.net/listing-images/d3bbc24d-bbbd-4488-b046-c2e200499770_9c93e404-b31b-43d6-8b8a-5bfcc853dc12.jpg/250x188.webp https://prod.pictures.autoscout24.net/listing-images/d3bbc24d-bbbd-4488-b046-c2e200499770_6e9e8beb-f093-438b-8a34-cf31a051a754.jpg/250x188.webp https://prod.pictures.autoscout24.net/listing-images/d3bbc24d-bbbd-4488-b046-c2e200499770_7809b986-2daf-45ae-8e47-77752375cedf.jpg/250x188.webp https://prod.pictures.autoscout24.net/listing-images/d3bbc24d-bbbd-4488-b046-c2e200499770_6a4301fe-c5c1-47a0-a487-b215e8132639.jpg/250x188.webp https://prod.pictures.autoscout24.net/listing-images/d3bbc24d-bbbd-4488-b046-c2e200499770_8ffec07a-9957-4bd6-ae01-5605b0de1522.jpg/250x188.webp,57.52425726435139,6164
19b3073f-ecc4-4c37-af09-6899d0a80cbe,Porsche,944,TARGA + CLIM et CRUISE,PrivateSeller,9999,b,49000,06-1985,4671,https://prod.pictures.autoscout24.net/listing-images/19b3073f-ecc4-4c37-af09-6899d0a80cbe_f55b7a31-cee7-40d5-b872-daac106968b6.jpg/250x188.webp https://prod.pictures.autoscout24.net/listing-images/19b3073f-ecc4-4c37-af09-6899d0a80cbe_cb1c6260-90e9-48c0-b42d-e0165df4a4fe.jpg/250x188.webp https://prod.pictures.autoscout24.net/listing-images/19b3073f-ecc4-4c37-af09-6899d0a80cbe_e1d89100-caf5-46c8-89a7-25c316d7c64b.jpg/250x188.webp https://prod.pictures.autoscout24.net/listing-images/19b3073f-ecc4-4c37-af09-6899d0a80cbe_d7cc5223-8b7e-40b4-adf6-1f6aa6ddd73a.jpg/250x188.webp https://prod.pictures.autoscout24.net/listing-images/19b3073f-ecc4-4c37-af09-6899d0a80cbe_2d5dcb72-e15d-462a-87b4-b96fee07a0e9.jpg/250x188.webp https://prod.pictures.autoscout24.net/listing-images/19b3073f-ecc4-4c37-af09-6899d0a80cbe_be3ca3b9-b222-4837-acec-8bf7c6aabaf1.jpg/250x188.webp https://prod.pictures.autoscout24.net/listing-images/19b3073f-ecc4-4c37-af09-6899d0a80cbe_92e9d097-ba98-4476-9bb5-833fe8282a25.jpg/250x188.webp https://prod.pictures.autoscout24.net/listing-images/19b3073f-ecc4-4c37-af09-6899d0a80cbe_ce9ba760-fb34-4cbd-8780-0c85f6111442.jpg/250x188.webp,124.54964130122502,13714
f4d25b80-1512-40c2-a065-225b74ee4865,Porsche,924,porsche 924 targa 2.0,PrivateSeller,10000,b,38000,04-1982,2880,https://prod.pictures.autoscout24.net/listing-images/f4d25b80-1512-40c2-a065-225b74ee4865_c1e9912d-3e1f-47a1-8769-292d3142677b.jpg/250x188.webp https://prod.pictures.autoscout24.net/listing-images/f4d25b80-1512-40c2-a065-225b74ee4865_852482da-b7a5-4ce8-b522-b097d20ddd1e.jpg/250x188.webp https://prod.pictures.autoscout24.net/listing-images/f4d25b80-1512-40c2-a065-225b74ee4865_b9fb608c-b033-49b3-93c4-e84ffb8e1c4b.jpg/250x188.webp https://prod.pictures.autoscout24.net/listing-images/f4d25b80-1512-40c2-a065-225b74ee4865_e4bd2958-bbff-4890-b3a5-e07162f1ee45.jpg/250x188.webp https://prod.pictures.autoscout24.net/listing-images/f4d25b80-1512-40c2-a065-225b74ee4865_820563c4-2308-43e5-8c9d-e71ac21d88f8.jpg/250x188.webp https://prod.pictures.autoscout24.net/listing-images/f4d25b80-1512-40c2-a065-225b74ee4865_7ed390ee-1d8d-4e21-972e-4e0c3f356a95.jpg/250x188.webp https://prod.pictures.autoscout24.net/listing-images/f4d25b80-1512-40c2-a065-225b74ee4865_a33aeac8-5e01-4416-b105-c11478391050.jpg/250x188.webp https://prod.pictures.autoscout24.net/listing-images/f4d25b80-1512-40c2-a065-225b74ee4865_ff8eca81-5fe3-4e8d-a38b-608241cccfe2.jpg/250x188.webp https://prod.pictures.autoscout24.net/listing-images/f4d25b80-1512-40c2-a065-225b74ee4865_a510b7ff-8d58-4a4f-ba81-9b187b982a9a.jpg/250x188.webp https://prod.pictures.autoscout24.net/listing-images/f4d25b80-1512-40c2-a065-225b74ee4865_5976219a-b3f6-4cae-af4a-2dfadfe5dad7.jpg/250x188.webp https://prod.pictures.autoscout24.net/listing-images/f4d25b80-1512-40c2-a065-225b74ee4865_256654ce-72c9-42d5-bd7e-4e279bdd43d7.jpg/250x188.webp https://prod.pictures.autoscout24.net/listing-images/f4d25b80-1512-40c2-a065-225b74ee4865_e64114ca-aaa6-4b20-9d44-6b606313ff40.jpg/250x188.webp https://prod.pictures.autoscout24.net/listing-images/f4d25b80-1512-40c2-a065-225b74ee4865_21a0bd3f-db0c-4fb4-9b47-21057715b122.jpg/250x188.webp https://prod.pictures.autoscout24.net/listing-images/f4d25b80-1512-40c2-a065-225b74ee4865_7b2751bc-1aa3-4d00-9c84-c4c521c598b3.jpg/250x188.webp https://prod.pictures.autoscout24.net/listing-images/f4d25b80-1512-40c2-a065-225b74ee4865_27a17c36-768b-4165-a090-69a07bcf32f9.jpg/250x188.webp https://prod.pictures.autoscout24.net/listing-images/f4d25b80-1512-40c2-a065-225b74ee4865_5afce830-1907-402e-8d88-ac51ce4aafd1.jpg/250x188.webp https://prod.pictures.autoscout24.net/listing-images/f4d25b80-1512-40c2-a065-225b74ee4865_a4c4d564-66a8-41e2-91bf-a703ed74995a.jpg/250x188.webp https://prod.pictures.autoscout24.net/listing-images/f4d25b80-1512-40c2-a065-225b74ee4865_5af90272-d2da-41ae-b521-086c0106e819.jpg/250x188.webp https://prod.pictures.autoscout24.net/listing-images/f4d25b80-1512-40c2-a065-225b74ee4865_84ba31a4-0d91-4850-ae1e-04aabb4ccca1.jpg/250x188.webp https://prod.pictures.autoscout24.net/listing-images/f4d25b80-1512-40c2-a065-225b74ee4865_4e669777-8a3e-4d1b-9167-c4e68608e442.jpg/250x188.webp https://prod.pictures.autoscout24.net/listing-images/f4d25b80-1512-40c2-a065-225b74ee4865_b0bbe7fa-dfa7-4e99-9d32-177159b99f98.jpg/250x188.webp https://prod.pictures.autoscout24.net/listing-images/f4d25b80-1512-40c2-a065-225b74ee4865_46f8ef40-431d-4afa-9422-ee44c8b5dac2.jpg/250x188.webp https://prod.pictures.autoscout24.net/listing-images/f4d25b80-1512-40c2-a065-225b74ee4865_c4d48771-89cb-457c-8fe9-6f135e93547a.jpg/250x188.webp,47.93429287155117,14871
48b85804-d37f-3a0f-e053-1250030a14c8,Porsche,911,achat toute porsche,Dealer,10000,b,70000,10-1964,4651,https://prod.pictures.autoscout24.net/listing-images/48b85804-d37f-3a0f-e053-1250030a14c8_99d153f1-b90c-47ad-b7db-8912dca8089f.jpg/250x188.webp https://prod.pictures.autoscout24.net/listing-images/48b85804-d37f-3a0f-e053-1250030a14c8_d714f08f-d482-4a29-bc9b-e363732a3e4d.jpg/250x188.webp https://prod.pictures.autoscout24.net/listing-images/48b85804-d37f-3a0f-e053-1250030a14c8_78d1ebd2-5fed-4ffb-82a5-f329a84eb79b.jpg/250x188.webp,131.35282163921022,21262
